▲ホア▼▲ウェイ▼海洋網絡有限公司,512132424
▲ホア▼▲ウェイ▼技術有限公司,504277388
▲ル▼明福,516227940
▲華▼▲為▼▲終▼端有限公司,509296306
▲凱▼菜英医▲薬▼化学（阜新）技▲術▼有限公司,516156307
▲凱▼菜英医▲薬▼集▲団▼（天津）股▲フン▼有限公司,516156271
▲凱▼菜英生命科学技▲術▼（天津）有限公司,516156282
▲荒▼田哲哉,594076201
▲徳▼勝科技股▲ふん▼有限公司,516282743
▲浜▼田芳男,515268858
３シェイプアー／エス,508158023
ＡＧＣ−ＬＩＸＩＬウィンドウテクノロジー株式会社,511075092
ＡｖａｎＳｔｒａｔｅ株式会社,598055910
ＣＫＤ株式会社,000106760
ＤＩＣグラフィックス株式会社,310000244
ＤＩＣ株式会社,000002886
ＤＯＷＡエレクトロニクス株式会社,506334182
ＤＯＷＡメタルマイン株式会社,306039131
Ｅ−Ｔｅｃ株式会社,510054049
ＦＤＫ株式会社,000237721
ＧＫＮドライブラインジャパン株式会社,000225050
ＨＯＹＡ株式会社,000113263
ＩＤＡＣセラノスティクス株式会社,513130157
ＪＣＲファーマ株式会社,000228545
ＪＤＣ株式会社,513291573
ＪＦＥスチール株式会社,000001258
ＪＮＣ株式会社,311002067
ＪＮＣ石油化学株式会社,596032100
ＪＳＲライフサイエンス株式会社,513133022
ＪＳＲ株式会社,000004178
ＪＸエネルギー株式会社,000004444
ＪＸ金属株式会社,502362758
Ｊｔｅｃホールディングス株式会社,515266496
ＫＤＤＩ株式会社,000208891
ＫＹＢ−ＹＳ株式会社,000155609
ＫＹＢ株式会社,000000929
ＬＩＮＥ株式会社,501333021
Ｎ．ＪＥＴエンジニアリング株式会社,596149899
ＮＥＣエナジーデバイス株式会社,310010081
ＮＥＣエンジニアリング株式会社,303013763
ＮＥＣソリューションイノベータ株式会社,000232092
ＮＥＣディスプレイソリューションズ株式会社,300016765
ＮＥＣネットワーク・センサ株式会社,599161890
ＮＥＣプラットフォームズ株式会社,000227205
ＮＥＣライティング株式会社,300022353
ＮＬＴテクノロジー株式会社,303018827
ＮＳＫワーナー株式会社,000102784
ＮＴＮ株式会社,000102692
ＮＵシステム株式会社,508016295
ＮｅｘｔＩｎｎｏｖａｔｉｏｎ合同会社,510202167
ＰｉｏｎｅｅｒＤＪ株式会社,315017409
ＲＥ・ＬＥＡＦ株式会社,513223013
Ｒｔｂ株式会社,513083222
ＳＢＩファーマ株式会社,508123858
ＳＭＣ株式会社,000102511
ＴＢカワシマ株式会社,510045438
ＴＤＫ株式会社,000003067
ＴＯＡ株式会社,000223182
ＴＯＴＯ株式会社,000010087
ＴＯＷＡ株式会社,390002473
ＹＫＫＡＰ株式会社,390005267
ＹＫＫ株式会社,000006828
ｐｏｐＩｎ株式会社,509044073
いすゞ自動車株式会社,000000170
つちやゴム株式会社,000100399
ぺんてる株式会社,000005511
みこらった株式会社,514228217
わかもと製薬株式会社,000100492
アーキスバイオサイエンシーズ,515021747
アースロケアコーポレイション,505446116
アース製薬株式会社,000100539
アーチキャンサーセラピューティクス，インク,512136178
アール・エイ・アイ・ストラテジック・ホールディングス・インコーポレイテッド,516097871
アール・ビー・コントロールズ株式会社,000100562
アール−ファーム・オーバーシーズ・インコーポレイテッド,516268356
アイクストロン、エスイー,502010251
アイシン・エーアイ株式会社,592058315
アイシン・エィ・ダブリュ株式会社,000100768
アイシン軽金属株式会社,000100791
アイシン精機株式会社,000000011
アイジー工業株式会社,390018463
アイセル株式会社,000100838
アイディーティー・ヨーロッパ・ゲゼルシャフト・ミト・ベシュレンクテル・ハフツング,516281311
アイディールパワーインコーポレイテッド,515358931
アイトゲネーシッシュテヒニッシュホッホシュレチューリッヒ,506160846
アイピーライトリミテッド,516134589
アイマゴソシエテアノニム,514271693
アイリスインターナショナル，インコーポレイテッド,510227148
アイロボットコーポレイション,502432084
アカーテースパワー，インク．,506405644
アカデミアゴルニツォ−ハットニツァアイエム．スタニスラワスタシツァダブリュークラクフィ,514033448
アカデミッシュメディッシュセントラム,506071771
アキュルナ株式会社,516241739
アキリオンファーマシューティカルズ，インコーポレーテッド,504378685
アクサムエス．ピー．エー．,516234155
アクシオヘリックス株式会社,510235969
アクシュネットカンパニー,390023593
アクセスビジネスグループインターナショナルリミテッドライアビリティカンパニー,302070822
アクセンチュアグローバルサービスィズリミテッド,510290957
アクセンチュアファーマシューティカルズアーベー,511139419
アクゾノーベルコーティングスインターナショナルビーヴィ,500286643
アクゾノーベルサーフィスケミストリーエルエルシー,312013619
アクチエボラゲットエレクトロルックス,516124465
アクティブアイディアズエルエルシー,516201892
アクテリオンファーマシューティカルズリミテッド,500226786
アクロンポリマーシステムズ，インク．,513071182
アグフア・ヘルスケア・ナームローゼ・フエンノートシヤツプ,308009071
アケビアセラピューティクスインコーポレイテッド,513297117
アサヒグループホールディングス株式会社,000000055
アサヒビール株式会社,311007202
アシスタンスピュブリク−オピトードゥパリ,591140123
アジオスファーマシューティカルズ，インコーポレイテッド,511223394
アステラス製薬株式会社,000006677
アスモ株式会社,000101352
アズールスペースソーラーパワーゲゼルシャフトミットベシュレンクテルハフツング,504324855
アズビル株式会社,000006666
アズマ工業株式会社,000101363
アダマ・マクテシム・リミテッド,593091979
アッシメカソシエテアノニム,512323686
アップルインコーポレイテッド,503260918
アッヴィ・インコーポレイテッド,512212195
アツミ電氣株式会社,000101400
アディマブ，エルエルシー,513010789
アトリウムメディカルコーポレーション,516275332
アドバクシス，インコーポレイテッド,514231424
アドバンスドメディカル株式会社,597007927
アドビセンヌ,513122886
アドレンズビーコンインコーポレイテッド,511136256
アビジロンコーポレイション,511210637
アビニシオテクノロジーエルエルシー,509123208
アブラクシスバイオサイエンス，エルエルシー,508061974
アプステックシステムズユーエスエーエルエルシー,516147590
アプターステルミエスアーエス,515160585
アプタルラドルフツエルゲーエムベーハ,512245713
アプティーボリサーチアンドデベロップメントエルエルシー,511001758
アプライドジェネティックテクノロジーズコーポレイション,512075257
アプライドマテリアルズインコーポレイテッド,390040660
アペイロンバイオロジックスアーゲー,510168221
アペラン,516212739
アボット・ラボラトリーズ,391008788
アボットカーディオヴァスキュラーシステムズインコーポレイテッド,507135788
アボットダイアベティスケアインコーポレイテッド,500211047
アマゾンテクノロジーズインコーポレイテッド,506329306
アマノ株式会社,000101617
アミリス，インコーポレイティド,510079008
アミリス，インコーポレイテッド,511289736
アムジエン・インコーポレーテツド,500049716
アメリカ合衆国,510002280
アラインテクノロジー，インコーポレイテッド,501214845
アリババ・グループ・ホールディング・リミテッド,510330264
アルカテル−ルーセント,391030332
アルガサイツリミテッド,513179086
アルギファルマエーエス,511292459
アルケマフランス,505005522
アルコアインコーポレイテッド,500277629
アルシメール,508367810
アルシメディク,513233470
アルセディバイオテックアンパルトセルスカブ,514124953
アルセロールミタル,515214729
アルゼゲーミング（ホンコン）リミテッド,515126835
アルテラコーポレイション,597154922
アルトリアクライアントサービシーズエルエルシー,516124616
アルパイン株式会社,000101732
アルピニオンメディカルシステムズカンパニーリミテッド,514127460
アルファ・メタルズ・インコーポレイテッド,598085065
アルプス電気株式会社,000010098
アレキソセラピューティクスインク．,516237639
アレヴァヴィントゲーエムベーハー,514104601
アロン化成株式会社,000000505
アンガー，エヴァン，シー．,516259479
アンギオビオメトゲゼルシャフトミットベシュレンクテルハフツング,516183794
アンスティチュナショナルドゥラサンテエドゥラルシェルシュメディカル,591100596
アンスティテュ・ジャン・パオリ・エ・イレーヌ・カルメッテス,503196857
アンスティテュ・ドゥ・ルシェルシュ・アン・セミオシミー・エ・エソロジー・アプリケ,516281469
アンセルム,591049848
アンセルリミテッド,503355731
アンデスバイオテクノロジーズソシエダードアノニマ,310008941
アンハイザー−ブッシュ・インベヴ・ソシエテ・アノニム,506385140
イー・２・ブイ・セミコンダクターズ,514049298
イー・アイ・デュポン・ドウ・ヌムール・アンド・カンパニー,390023674
イーエムスキャンコーポレイション,516229058
イーグルブルグマンジャパン株式会社,503227553
イーグル工業株式会社,000101879
イートンコーポレーション,390033020
イーベイインク．,506151501
イエーノプティークオプティカルシステムズゲーエムベーハー,501325543
イクストゥールオイ,512283483
イグスゲゼルシャフトミットベシュレンクターハフトゥング,507336499
イテマ・ソチエタ・ペル・アツィオーニ,515355022
イデニクス・ファーマシューティカルズ・エル・エル・シー,502423808
イノヴェイティブメディカルパートナーズ,516214065
イハラケミカル工業株式会社,000102049
イビデン株式会社,000000158
イマージョンコーポレーション,500390995
イマジニアリング株式会社,504293528
イミューンデザインコーポレイション,512018726
イミューンファルマエッセ．エッレ．エッレ．,516253396
イミュノバティブセラピーズ，リミテッド,513276477
イムラアメリカインコーポレイテッド,593185670
イメージング・サイエンシィズ・インターナショナル・エルエルシー,508105979
イラミーナインコーポレーテッド,514202402
イリソ電子工業株式会社,390012977
イリノイトゥールワークスインコーポレイティド,591203428
イルジンマテリアルズカンパニーリミテッド,515059290
イルミナインコーポレイテッド,516244903
イングラスソシエタペルアチオニ,505296588
インサイト・コーポレイション,505193450
インスティチュートナショナルドラサンテエトドラレチェルシーメディカレ（インサーム）,516267038
インスティテュートオブジェネティックスアンドディベロップメンタルバイオロジー，チャイニーズアカデミーオブサイエンシズ,514231309
インスティトゥートディンベスティガシオビオメディカデジローナドクトルジュゼップトルエタ,516262103
インストゥルメンテーションラボラトリーカンパニー,506391864
インターコンチネンタルグレートブランズエルエルシー,508351303
インターデイジタルテクノロジーコーポレーション,596008622
インターデイジタルパテントホールディングスインコーポレイテッド,510030995
インターナショナル・ビジネス・マシーンズ・コーポレーション,390009531
インダストリー−アカデミックコーペレイションファウンデイション，ヨンセイユニバーシティ,506263491
インテグリス−ジェタロン・ソリューションズ・インコーポレイテッド,514211770
インテグリスインコーポレーテッド,516225773
インテュイティブサージカルオペレーションズ，インコーポレイテッド,510253996
インテル・コーポレーション,591003943
インテルアイピーコーポレーション,515140897
インテルアイピーコーポレイション,514045555
インテルコーポレイション,593096712
インテルコスエッセ．ピ．ア．,516200323
インテヴァックインコーポレイテッド,507310307
インデックスファーマスーティカルズアクチエボラグ,514127404
イントネーションリサーチラボラトリーズ,516268150
イントラ−セルラー・セラピーズ・インコーポレイテッド,507401225
インノホームオイ,516223447
インフィニティーファーマシューティカルズ，インコーポレイテッド,509101882
インフィネオンテクノロジーズアーゲー,501209070
インプラント・ダイレクト・シブロン・インターナショナル・エルエルシー,516282411
インベンタスエンジニアリングゲーエムベーハー,516274645
ウーテーアー・エス・アー・マニファクチュール・オロロジェール・スイス,591048416
ウーボテクカンパニーリミテッド,514302562
ウィズドメイン・インコーポレーテッド,516204550
ウイスコンシンアラムナイリサーチファウンデーシヨン,390023641
ウウエルエネルジー,515329665
ウエスタンユニバーシティオブヘルスサイエンシズ,507175267
ウエダ産業株式会社,593003949
ウォックハートリミテッド,506224012
ウォニクアイピーエスカンパニーリミテッド,316008145
ウシオ電機株式会社,000102212
ウチヤ・サーモスタット株式会社,000102223
ウッドウェルディング・アクチェンゲゼルシャフト,501485227
ウニベルシタ・デツリ・ストウデイ・デイ・カリアリ,502423819
ウニベルシタデジローナ,516262114
ウニヴェルシテピエールエマリーキュリー（パリ６）,510035462
ウニヴェルシテヴァルシャフスキ,512028817
ウブロソシエテアノニム，ジュネーブ,513114803
ウリゲンファーマシューティカルズ、インコーポレイテッド,515150689
ウルトラジェニクスファーマシューティカルインク．,516134291
ウルトラテックインク,502400304
ウルファー、ローマン,516267120
ウルリヒゲゼルシャフトミットベシュレンクテルハフツングウントコンパニーコマンディートゲゼルシャフト,516270821
エーエスエムエルネザーランズビー．ブイ．,504151804
エーエムエスリサーチコーポレイション,507044561
エーザイ・アール・アンド・ディー・マネジメント株式会社,506137147
エージェンシーフォーサイエンス，テクノロジーアンドリサーチ,506425505
エータイアーファーマ，インコーポレイテッド,512264080
エービーサイエンス,514022109
エアバス・ディフェンス・アンド・スペース・ゲーエムベーハー,514184290
エアバスサフランランチャーズソシエテパアクシオンスシンプリフィエ,516257464
エアバスデーエスゲーエムベーハー,514263908
エアプロダクツアンドケミカルズインコーポレイテッド,591035368
エアロクラインアーベー,514023667
エイ・ゼット・エレクトロニック・マテリアルズ（ルクセンブルク）エス・ア・エール・エル,516017592
エイ１２３・システムズ・リミテッド・ライアビリティ・カンパニー,515052578
エイシアバイオサイエンシーズインコーポレイテッド,506352603
エイチディースリーリミテッド,516213127
エイディシーテクノロジー株式会社,399031827
エイブル株式会社,591101490
エクスカリバーアイピーリミテッドライアビリティカンパニー,516193380
エクセラ・コーポレーション,515255250
エクソンモービルケミカルパテンツインコーポレイテッド,509004675
エコールポリテクニークフェデラルドゥローザンヌウペエフエル−テーテーオー,513168596
エコメーションオイ,516164210
エシコン・エンド−サージェリィ・エルエルシー,516044897
エス．エム．エンターテイメントカンパニー，リミテッド,515340811
エス・エム・エス・スマート・マイクロウェーブ・センサーズ・ゲーエムベーハー,501476454
エスアールアイインターナショナル,501228071
エスアイアイ・セミコンダクタ株式会社,715010864
エスエヌユープレシジョンカンパニー，リミテッド,316004022
エスエムエスグループゲーエムベーハー,510320690
エスエムエル・パテンツ・エス・ア・エル・エル,516268231
エスエルエムソルーションズグループアーゲー,514298748
エスゼットディージェイアイテクノロジーカンパニーリミテッド,513068816
エスゼットディージェイアイテクノロジーカンパニーリミテッド,514030838
エスディーバイオセンサーインコーポレイテッド,514305356
エタリムインコーポレイテッド,512006413
エヌ・ティ・ティ・アドバンステクノロジ株式会社,000102739
エヌ・ティ・ティ・コミュニケーションズ株式会社,399035766
エヌ・ティ・ティレゾナント・テクノロジー株式会社,514022143
エヌエーエルファーマシューティカルグループリミティド,516126816
エヌエイチエヌエンターテインメントコーポレーション,313011434
エヌエイチエヌスタジオ６２９コーポレーション,514167123
エヌエスケイアメリカズインコーポレイテッド,514228756
エヌエックスピービーヴィ,507219491
エヌティーツール株式会社,591033755
エネルピーエス．エー．シー．アイ．,512215196
エネルピーベー．フェー．,512215185
エバーフォーカスインターナショナルカンパニーリミテッド,515266094
エフ．ホフマン−ラロシュアーゲー,591003013
エフ・ホフマン−ラ・ロシュ・アクチェンゲゼルシャフト,306021192
エフイートレード株式会社,301020282
エプコスアクチエンゲゼルシャフト,300002160
エボニックデグサゲーエムベーハー,501073862
エマリナ,513304161
エム．アイ．テックカンパニーリミテッド,510178172
エム・テクニック株式会社,595111804
エムアールエイ・システムズ・インコーポレイテッド,310022132
エムエムティーソシエテアノニム,516283016
エムケーエスインストルメンツインコーポレーテッド,592053963
エムジードゥエ−ソチエタレスポンサビリタリミタータ,505353375
エムテックスマツムラ株式会社,000146179
エメルセルエスエーエス,516267027
エラクレス,512162432
エルアンドピープロパティマネジメントカンパニー,500039913
エルゴンファーマシューティカルズエルエルシー,513312982
エルジー・ケム・リミテッド,500239823
エルジーイノテックカンパニーリミテッド,513276101
エルジーエレクトロニクスインコーポレイティド,502032105
エルテーエスローマンテラピー−ジステーメアーゲー,300005035
エルベエレクトロメディジンゲゼルシャフトミットベシュレンクテルハフツング,512037510
エレクター株式会社,391015694
エレクトリックロードリミテッド,516195317
エレクトロニクスアンドテレコミュニケーションズリサーチインスチチュート,596099882
エン．フェー．ニュートリシア,513163306
エンドーロジックスインコーポレイテッド,506128064
エンドサイト・インコーポレイテッド,508347801
エンメ・ピ・エンメ・ディ・ゴッバート・エンツォ・ソチエタ・ア・レスポンサビリタ・リミタータ,516284585
オー．エム．ビー．ギターリミテッド,516280509
オーイーウェーブス，インク．,516274313
オーエスジー株式会社,000103367
オークマ株式会社,000149066
オークラ輸送機株式会社,000103426
オーシャンセイバーエーエス,506379264
オージーケー技研株式会社,000205292
オージー技研株式会社,000103471
オーソペディックイノヴェイションセンターインコーポレイテッド,515127924
オートリブディベロップメントエービー,503358097
オーバーストック．コム・インコーポレイテッド,516225670
オーピアントファーマシューティカルズ，インコーポレイテッド,516272881
オーラプロテインテクノロジーズリミテッド,516211592
オイレス工業株式会社,000103644
オキシレインユーケーリミテッド,509275507
オスプレイメディカルインク．,308025635
オスラムオプトセミコンダクターズゲゼルシャフトミットベシュレンクテルハフツング,599133716
オセ−テクノロジーズ・ベー・ヴエー,390039435
オックスフォードユニバーシティイノベーションリミテッド,516245900
オハイオ・ステイト・イノベーション・ファウンデーション,514137997
オベルトゥルテクノロジ,513183393
オムヤインターナショナルアーゲー,505018120
オムロン株式会社,000002945
オラクル・インターナショナル・コーポレイション,502303739
オランジュ,591034154
オリジャンバイオサイエンスリミテッド,516214674
オリンパス株式会社,000000376
オルタナエレクトロニクヤジリムティーエーエーエイチ．エスエーエヌ．ブイイーティーアイシー．エー．エス．,516243799
オルムココーポレイション,599025972
オンキヨー株式会社,710014351
オンデュリーヌ,513015326
カーステンマニュファクチュアリングコーポレーション,591086452
カーディアックペースメイカーズ，インコーポレイテッド,505003528
カール・ツァイス・エスエムティー・ゲーエムベーハー,503263355
カールツァイスマイクロスコピーゲーエムベーハー,506151659
カシオ計算機株式会社,000001443
カスカディアンセラピューティクス，インコーポレイテッド,516239943
カペラセラピューティクス，インコーポレーテッド,516281067
カラマットリミテッド,516267153
カリーラファーマシューティカルズ，インク．,516173832
カルソニックカンセイ株式会社,000004765
カンケンテクノ株式会社,592010106
カンパニョーロ・ソシエタ・ア・レスポンサビリタ・リミタータ,592072182
カンブリオステクノロジーズコーポレイション,508041046
ガリウムエンタープライジズピーティーワイリミテッド,307030577
ガルデルマ・リサーチ・アンド・デヴェロップメント,599045604
ガンドンメイヂーコンプレッサーカンパニーリミテッド,516101156
キーバイオサイエンス・アクチエンゲゼルシャフト,514112640
キッコーマン株式会社,000004477
キッセイ薬品工業株式会社,000104560
キノイン・ゼー・エル・テー,513302259
キム、ハクボム,516284220
キャタピラーエスエーアールエル,505236469
キャピトルディベロップメント、エルエルシー,516222565
キャボットコーポレイション,391010758
キヤノンＩＴソリューションズ株式会社,592135203
キヤノンアネルバ株式会社,000227294
キヤノンオプトロン株式会社,591111112
キヤノンマーケティングジャパン株式会社,390002761
キヤノンユー．エス．ライフサイエンシズ，インコーポレイテッド,507028217
キヤノンユーエスエイ，インコーポレイテッド,596130705
キヤノン株式会社,000001007
キヤノン電子株式会社,000104652
キュー・ビー・オー・コーヒー・ゲゼルシャフト・ミット・ベシュレンクテル・ハフツング,511248548
キューティスファーマインコーポレーテッド,516276096
キュービーディー（キューエス−アイピー）リミテッド,516238625
キューリググリーンマウンテンインク,510244673
キユーピー株式会社,000001421
キョーユー株式会社,510031202
キンバリークラークワールドワイドインコーポレイテッド,310007106
ギガコリアコーリミテッド,516168919
ギガフォトン株式会社,300073919
ギャズトランスポルトエテクニギャズ,515220317
クールテック・アプリケーションズ,515013465
クアルコム，インコーポレイテッド,507364838
クアンタムサインアクイジションズインコーポレイテッド,516202028
クイーンマリーユニバーシティオブロンドン,512316611
クゥアルコム・インコーポレイテッド,595020643
クスワミインク,516124502
クヌドイェプスンアクティーゼルスカブ,516222554
クボタ機工株式会社,593207846
クマールサイン，アジェイ,516223274
クミアイ化学工業株式会社,000000169
クラトスインテグラルホールディングス，エルエルシー,515072521
クラリアント・インターナシヨナル・リミテツド,596081005
クラリオン株式会社,000001487
クラレノリタケデンタル株式会社,301069384
クラレプラスチックス株式会社,000104906
クリアフロー，インコーポレイテッド,516245863
クリスタル・ラグーンズ（キュラソー）ビー．ブイ．,513244122
クリニカルジェノミクスピーティーワイリミテッド,508346033
クルーシブルインテレクチュアルプロパティエルエルシー,512176727
クルナ・インコーポレーテッド,511085219
クレイトン・ポリマーズ・ユー・エス・エル・エル・シー,510145211
クロージヤー・システムズ・インターナシヨナル・インコーポレーテツド,505279259
クローズド・ジョイント・ストック・カンパニー“バイオキャド”,516261966
クロムニゴンアーベー,516178147
クワドリガバイオサイエンシーズ，インコーポレイテッド,516233011
グーグルインコーポレイテッド,502208397
グァンドンオッポモバイルテレコミュニケーションズコーポレーションリミテッド,516227559
グアラパックエッセ．ピー．アー．,512039053
グアンドンミデアキッチンアプライアンスマニュファクチュアリングカンパニーリミテッド,516096438
グラクソグループリミテッド,397009934
グラスウォール・（アイピー）・リミテッド,516099266
グランド・アビス・エルエルシー,516088097
グリーンファイア・エナジー・インコーポレイテッド,516268312
グリー株式会社,504437801
グリュネンタール・ゲゼルシャフト・ミト・ベシュレンクテル・ハフツング,390035404
グレインフラックインコーポレイテッド,516251093
グレンマークファーマシューティカルズ，エセ．アー．,510168852
グローブイミューン，インコーポレイテッド,505226437
グローリーＡＺシステム株式会社,501079875
グローリー株式会社,000001432
グンジ株式会社,593227866
ケーエルエー−テンカー・コーポレーション,502442049
ケーエルエー−テンカーコーポレイション,500049141
ケアベイ・ヨーロッパ・リミテッド,513186729
ケイシークカンパニーリミテッド,515129191
ケネスルコ,516208400
ケモマブリミテッド,516262000
ケラー，ザサード，ウォルタージョン,516266710
ケラー・トビアス,516261003
ゲーニウスゲーエムベーハー,513272239
ゲノエルエルシー,509262655
コーセラ，インコーポレーテッド,510301987
コーデックスシステムズ，インコーポレーテッド,516273268
コーニンクラケダウエグバートビー．ブイ．,512164779
コーニンクレッカフィリップスエヌヴェ,590000248
コーニングインコーポレイテッド,397068274
コーマトリックスカーディオバスキュラー，インコーポレイテッド,513051391
コールドスプリングハーバーラボラトリー,504278156
コーロンインダストリーズインク,314003797
コーロンファッションマテリアルインコーポレイテッド,515257911
コスモ株式会社,591176661
コスモ精工株式会社,503067683
コスモ石油株式会社,000105567
コッサンエスディーエヌ．ビーエイチディー．,510112981
コナミゲーミングインコーポレーテッド,501405122
コニカミノルタラボラトリーユー．エス．エー．，インコーポレイテッド,507031918
コニカミノルタ株式会社,000001270
コニンクリーケ・ケイピーエヌ・ナムローゼ・フェンノートシャップ,504292093
コネクサスレンズインコーポレイテッド,317000809
コヒラス・バイオサイエンシズ・インコーポレイテッド,514097509
コベストロ、ドイチュラント、アクチエンゲゼルシャフト,515266223
コミサリヤ・ア・レネルジ・アトミク・エ・オ・エネルジ・アルテルナテイブ,311015001
コミッサリアアレネルジーアトミークエオゼネルジザルタナテイヴ,502124444
コミッショング、ジェラルド,516267094
コモンウェルスサイエンティフィックアンドインダストリアルリサーチオーガナイゼーション,590003283
コリアインスティチュートオブジオサイエンスアンドミネラルリソースズ,506081530
コリアユニバーシティリサーチアンドビジネスファウンデーション,510273880
コリアリサーチインスティチュートオブケミカルテクノロジー,513201538
コリウムインターナショナル，インコーポレイテッド,503360296
コルヴィアメディカルインコーポレイテッド,511262418
コレボンアーベー,515332355
コンステリウムイソワール,500092697
コンティテミックマイクロエレクトロニックゲゼルシャフトミットベシュレンクテルハフツング,503355292
コンバテック・テクノロジーズ・インコーポレイテッド,509146126
コヴィディエンリミテッドパートナーシップ,512269650
ゴーゴー・エルエルシー,506194210
サーカッシアリミテッド,509330965
サーキットセラピューティクス，インコーポレイテッド,515138470
サーナ・セラピューティクス・インコーポレイテッド,500203684
サーモス株式会社,591261602
サイエンティスト・オブ・フォーチュン・ソシエテ・アノニム,513099094
サイデックス・ファーマシューティカルズ・インコーポレイテッド,501278788
サイトクローマ・デベロップメント・インコーポレイテッド,512014728
サイマベイ・セラピューティクス・インコーポレイテッド,514114611
サウジアラビアンオイルカンパニー,316017181
サウジアラビアンオイルカンパニー,506018363
サウジアラビアンオイルカンパニー,599130449
サウスダコタステートユニバーシティー,509352152
サザンミルズインコーポレイテッド,505451040
サソール・パーフオーマンス・ケミカルズ・ゲゼルシヤフト・ミツト・ベシユレンクテル・ハフツング,516219510
サッポロビール株式会社,303040183
サッポロホールディングス株式会社,000002196
サノフィ−アベンティス・ドイチュラント・ゲゼルシャフト・ミット・ベシュレンクテル・ハフツング,397056695
サノフイ,504456798
サビックグローバルテクノロジーズベスローテンフェンノートシャップ,508171804
サフラン・トランスミッション・システムズ,516247122
サミー株式会社,390031783
サミュメッドリミテッドライアビリティカンパニー,512265331
サムスンエレクトロニクスカンパニーリミテッド,503447036
サムスンプレシジョンインダストリアルカンパニーリミテッド,506329764
サムスンペイ、インコーポレイテッド,515234749
サムソンエレクトロ−メカニックスカンパニーリミテッド．,594023722
サムテック・イノベーションズ株式会社,511158018
サムヤンコーポレーション,515261354
サルヴァニーニイタリアエッセ．ピ．ア．,507385752
サン−ゴバンイゾベール,502425053
サン−ゴバングラスフランス,512212885
サン−ゴバンサントルドレシェルシュエデテュドユーロペアン,511104875
サンエヴァメディカル，インコーポレーテッド,516275848
サンガテクノロジー合同会社,515268135
サンケン電気株式会社,000106276
サンコ・インク・カンパニー・リミテッド,516272984
サンスター株式会社,000106324
サントリー食品インターナショナル株式会社,313000128
サントル・ナショナル・ドゥ・ラ・ルシェルシュ・シャンティフィク,595040744
サントルナシオナルドゥラルシェルシェシアンティフィク,311016455
サントレナティオナルドラルシェルシェシアンティフィク,514255523
サンドラムファスナーズリミテッド,516071572
サンドヴィックマテリアルズテクノロジードイチュラントゲーエムベーハー,515157459
サンノプココリアリミテッド,516263960
サンパテントトラスト,316002062
サンパワーコーポレイション,505379467
サヴィッド・セラピューティックス株式会社,514207197
サヴロックリミテッド,515191224
ザ・カウンシル・オヴ・ザ・クイーンズランド・インスティテュート・オヴ・メディカル・リサーチ,504200892
ザ・スウォッチ・グループ・リサーチ・アンド・ディベロップメント・リミテッド,506425538
ザ・トラステイーズ・オブ・ザ・ユニバーシテイ・オブ・ペンシルベニア,502409813
ザ・ブロード・インスティテュート・インコーポレイテッド,515236259
ザ・ボーイング・カンパニー,500520743
ザ・リージェンツ・オブ・ザ・ユニバーシティー・オブ・カリフォルニア,592034548
ザガバニングカウンシルオブザユニバーシティオブトロント,516204583
ザジェネラルホスピタルコーポレイション,506286973
ザジェネラルホスピタルコーポレイション,592017633
ザジョンズホプキンスユニバーシティ,508280195
ザップテックアイピーアクティーゼルスカブ,516267463
ザトラスティーズオブザユニバーシティオブペンシルバニア,500429103
ザブリガムアンドウィメンズホスピタルインコーポレイテッド,503146324
ザプロクターアンドギャンブルカンパニー,590005058
ザボードオブリージェンツオブザユニバーシティーオブテキサスシステム,508152917
ザユナイテッドステイツオブアメリカ，アズリプレゼンテッドバイザセクレタリー，デパートメントオブヘルスアンドヒューマンサービシーズ,508285606
ザユニバーシティーオブクイーンズランド,505167565
ザユニバーシティーオブメルボルン,500074981
ザユニバーシティオブウェスタンオーストラリア,504206827
ザユニバーシティオブクィーンズランド,503319102
ザユニバーシティオブミネソタ，デパートメントオブバイオプロダクツアンドバイオシステムズエンジニアリング,511246197
ザリージェンツオブザユニバーシティオブカリフォルニア,506115514
ザリージェンツオブザユニバーシティオブミシガン,507238218
シー・イー・エフ・オーカンパニー，リミテッド,516269478
シージェイチェイルジェダンコーポレイション,514158497
シーダーズ―シナイメディカルセンター,513268380
シートゥー・セラピューティクス・インコーポレイテッド,511123669
シーメンス・ヘルスケア・ダイアグノスティックス・インコーポレーテッド,507269175
シーメンスアクチエンゲゼルシヤフト,390039413
シーメンスアクティエンゲゼルシャフト,508008865
シーメンスエナジーインコーポレイテッド,599078705
シーメンスプロダクトライフサイクルマネージメントソフトウェアーインコーポレイテッド,504438288
シールドティーエックス（ユーケー）リミテッド,516272320
シアラスインコーポレイテッド,516203900
シィ，ヅェン,516217527
シェフラーテクノロジーズアー・ゲーウントコー．カー・ゲー,515009952
シェンヂェンエクセレントテクノロジーカンパニーリミテッド,516139388
シスメックス株式会社,390014960
シチズン時計株式会社,000001960
シチズン電子株式会社,000131430
シックアイヴィピーエービー,504048696
シップアンドオーシャンインダストリーズアールアンドディーセンター,516286752
シナジーファーマシューティカルズインコーポレイテッド,509333575
シナプティヴメディカル（バルバドス）インコーポレイテッド,515255191
シプラ・リミテッド,511109180
シマンテックコーポレーション,501113353
シャープ株式会社,000005049
シャオミ・インコーポレイテッド,513309030
シャンハイインスティテュートオブマテリアメディカ、チャイニーズアカデミーオブサイエンスィズ,509011765
シュアファイアメディカル，インコーポレイティド,512144911
シュゾースマートアドバンストコーティングテクノロジーズカンパニーリミテッド,516182052
シュタイ・ヨン,516197296
シュタインビフラーオプトテヒニクゲーエムベーハー,501461966
シュナイダーエレクトリックアイティーコーポレーション,501439828
シュリーブケミカルプロダクツインコーポレーテッド,508029859
シュレーディンガーインコーポレイテッド,516189121
シュワルツ、ローレンスエム．,516267083
ショーンベックマリアム,516272906
ショットアクチエンゲゼルシャフト,504299782
シラナノテクノロジーズインク,513198814
シリコンストーリッジテクノロージーインコーポレイテッド,500147506
シロナ・デンタル・システムズ・ゲゼルシャフト・ミット・ベシュレンクテル・ハフツング,500058187
シンジェンタパーティシペーションズアーゲー,300091441
シンフィルムエレクトロニクスエーエスエー,514153274
シンフォニアテクノロジー株式会社,000002059
ジ・アンテナ・カンパニー・インターナショナル・エン・フェー,516196990
ジ・ディ・ソチエタペルアツィオニ,502405479
ジー・エフ・エス．コーポレーション．エー・ユー・エス．ピー・ティー・ワイ．エル・ティー・ディー,516281252
ジーアールエスガイドシステムインコーポレイテッド,516281171
ジーイー・アビエイション・システムズ・エルエルシー,506388923
ジーイー・ヘルスケア・バイオサイエンス・コーポレイション,598041463
ジーイー・メディカル・システムズ・グローバル・テクノロジー・カンパニー・エルエルシー,300019238
ジーエヌリザウンドエー／エス,503021401
ジーエム・グローバル・テクノロジー・オペレーションズ・エルエルシー,511095986
ジーティーシーテクノロジーユーエス，エルエルシー,511136887
ジーティーダブリューディヴェロップメンツリミテッド,516239909
ジアングスフーシェンバイオテクノロジー有限公司,515267862
ジェーアンドイーホールリミテッド,516155975
ジェイティーインターナショナルエス．エイ．,510014582
ジェイテクトユーロップ,511110625
ジェイピーエムエンジニアリング株式会社,516296658
ジェコス株式会社,000179915
ジェネラル・ケーブル・テクノロジーズ・コーポレーション,507202725
ジェネンテック，インコーポレイテッド,509012625
ジェノプランテ−ヴァロール,513099108
ジェノマティカ，インコーポレイテッド,510199890
ジェン−プローブ・インコーポレーテッド,500169900
ジェンサームインコーポレイテッド,511014862
ジェンザイム・コーポレーション,500034653
ジェンセルバイオシステムズリミテッド,513014477
ジエマルト・エス・アー,504326572
ジオサーフ株式会社,503148568
ジテアンテルナショナルソシエテアノニム,511087051
ジプトロニクス・インコーポレイテッド,502116003
ジャガーランドローバーリミテッド,512308720
ジャパンパイル株式会社,515277300
ジヤトコ株式会社,000231350
ジュン，ボスン,516174149
ジョージアテックリサーチコーポレイション,304017373
ジョン，ヘジン,516089913
ジョンソン、マッセイ、パブリック、リミテッド、カンパニー,590004718
ジョンソン、マッセイ、フュエル、セルズ、リミテッド,512269535
ジョンソン・アンド・ジョンソン・ビジョン・ケア・インコーポレイテッド,510294139
ジョンソンエレクトリックソシエテアノニム,515009620
ジョンソンコントロールズオートモーティブエレクトロニクスゲーエムベーハー,508039825
スーパーセルオーワイ,513136528
スイスオートパワースポーツエルエルシー,511281132
スカイプエス．アール．エル．,516259871
スカラブゲノミクス，エルエルシー,508314607
スガツネ工業株式会社,000107572
スクエアインコーポレイテッド,513092420
スズキ株式会社,000002082
スタースプリングスアクチボラグ,515200180
スタッカート・テクノロジーズ・アクチエボラグ,516248716
スタンレー電気株式会社,000002303
スチールプランテック株式会社,501120122
スティッチティングカソリークユニバーシテートラドバウドユニバーシティメディカルセンター,516203405
ステイブルセラピューティクスアーベー,516281126
ステップワイズエルティーディー,516281229
ステラファーマ株式会社,507288132
ステルスペプチドズインターナショナルインコーポレイテッド,512044909
ストライトインダストリーズエルティディ,513144969
ストロングアームテクノロジーズ、インク．,516282341
スナップトラック・インコーポレーテッド,500480274
スノーフレークコンピューティングインク．,516245999
スパイサーゲレンクヴェレンバウゲゼルシャフトミットベシュレンクテルハフツング,516178778
スパイナル・エレメンツ・インコーポレーテッド,506166653
スパインウェルディング・アクチェンゲゼルシャフト,511206559
スペクトラ・シュヴィングングステヒニーク・ウント・アクスティーク・ゲゼルシャフト・ミト・ベシュレンクテル・ハフツング・ドレスデン,516272869
スペクトロニクス株式会社,506161131
スペシャリストエアウェイソリューションズプロプライエタリーリミテッド,516384391
スポートウェルディング・ゲゼルシャフト・ミット・ベシュレンクテル・ハフツング,512193366
スマートゲンエルエルシー,516272892
スミスアンドネフューインコーポレーテッド,504048135
スミスアンドネフューインコーポレイテッド,502032219
スミスアンドネフューピーエルシー,391018787
スリーエムイノベイティブプロパティズカンパニー,505005049
スリーディーティーホールディングスエルエルシー,516229003
スローン−ケッタリングインスティチュートフォーキャンサーリサーチ,500516056
セーレン株式会社,000107907
セイコーエプソン株式会社,000002369
セオリアファーマ株式会社,510239598
セファロン、インク．,509021085
セミコンダクター・コンポーネンツ・インダストリーズ・リミテッド・ライアビリティ・カンパニー,300057230
セラニーズ・インターナショナル・コーポレーション,512225379
セルラー・ダイナミクス・インターナショナル・ジャパン株式会社,516378356
セレオンゲーエムベーハー,516265148
セレクティス,512213549
セレラコーポレーション,508356065
セント・ジュード・メディカル，カーディオロジー・ディヴィジョン，インコーポレイテッド,511177374
ゼットティーイー（ユーエスエー）インコーポレイテッド,510279365
ゼットティーイーコーポレーション,509024525
ゼットティーイーコーポレイション,511207729
ゼネラル・エレクトリック・カンパニイ,390041542
ゼネラルエレクトリックテクノロジーゲゼルシャフトミットベシュレンクテルハフツング,515322297
ゼネラル株式会社,306029349
ゼラスメディカルテクノロジーズエルエルシー,516272412
ゼロックスコーポレイション,596170170
ゼンコアインコーポレイテッド,510089100
ソーダストリームインダストリーズリミテッド,514032843
ソーラー・ジャンクション・コーポレイション,511314290
ソーラーフロンティア株式会社,513009668
ソーラーリティックスインコーポレイテッド,516247155
ソウルナショナルユニバーシティアールアンドディービーファウンデーション,513110089
ソシエテ・デンバラージュ・エ・ドゥ・コンディシオンヌモン・エス・ウ・エム・セ・オ,516281045
ソニーインタラクティブエンタテインメントアメリカリミテッドライアビリテイカンパニー,513244960
ソニーコーポレイションオブアメリカ,504257564
ソニー株式会社,000002185
ソニックアイピー，インコーポレイテッド,513280728
ソノコ・ディベロップメント・インコーポレーテッド,500119640
ソルベイスペシャルティポリマーズイタリーエス．ピー．エー．,513092877
ソルヴェイ（ソシエテアノニム）,591001248
ゾール・サーキュレイション・インコーポレイテッド,500087017
ゾールサーキュレイションインコーポレイテッド,314003041
ゾエティス・サービシーズ・エルエルシー,515230154
ゾディアックシーツフランス,513096624
ターボメカ,501107994
タイサコン・グループ・カンパニー・リミテッド,516148508
タイムプレイインク．,515336504
タイン・リサーチ・アンド・ディベロップメント・カンパニー・リミテッド,516272995
タカタ株式会社,306009581
タカハタプレシジョンジャパン株式会社,312003595
タカラベルモント株式会社,000108672
タカ産業株式会社,593045075
タキゲン製造株式会社,000108708
タタコンサルタンシーサービシズリミテッド,510337621
タツタ電線株式会社,000108742
タリスバイオメディカルエルエルシー,514274409
タレス,511148123
ダイキョーニシカワ株式会社,390026538
ダイキン工業株式会社,000002853
ダイコク電機株式会社,000108937
ダイソン・テクノロジー・リミテッド,500024469
ダイハツ工業株式会社,000002967
ダイヤテックス株式会社,390019264
ダウアグロサイエンシィズエルエルシー,501035309
ダウグローバルテクノロジーズエルエルシー,502141050
ダウコーニングコーポレーション,590001418
ダスギプ・インフォメーション・アンド・プロセス・テクノロジー・ゲゼルシャフト・ミット・ベシュレンクテル・ハフツング,514089249
ダブリュ．エル．ゴアアンドアソシエイツ，インコーポレイティド,391028362
ダンマークステクニスクユニバーシテット,511195736
チェ，テホ,516154576
チュージアンシェンフイライティングカンパニーリミテッド,514280525
チュルクウントヒリンガーゲーエムベーハー,516212843
チョーネンキー，トッドエリック,516266732
チルドレンズホスピタルロサンゼルス,514124573
ツェットエフ、フリードリッヒスハーフェン、アクチエンゲゼルシャフト,500045121
ツェットカーヴェーグループゲーエムベーハー,593045569
テーザ・ソシエタス・ヨーロピア,509120403
テーラーメイドゴルフカンパニーインコーポレイテッド,506025969
ティー・エイ・ジー・メディカル・ディバイシズ−アグリカルチャー・コーペラティブ・リミテッド,516221111
ティー２バイオシステムズ，インコーポレーテッド,511105894
ティコナ・エルエルシー,500100822
ティッセンクルップエレベーターアクチェンゲゼルシャフト,516280554
ティッセンクルッププレスタテックセンターアクチエンゲゼルシャフト,308017180
テイ・エステック株式会社,000220066
テイカ株式会社,000215800
テイタニウムメタルスコーポレイシヨン,511010521
テキサスインスツルメンツインコーポレイテッド,507107291
テクニカル、ファイバー、プロダクツ、リミテッド,502375493
テソクスファーマ，リミティドライアビリティカンパニー,514284899
テトラ・ラヴァル・ホールディングス・アンド・ファイナンス・ソシエテ・アノニム,593205554
テバファーマシューティカルインダストリーズリミティド,501079705
テヒーニィシエウニヴェルジテートベルリン,509156387
テュージィアントワーヌ,512235987
テラ株式会社,510134938
テルモ株式会社,000109543
テレフオンアクチーボラゲットエルエムエリクソン（パブル）,598036300
テンセント・テクノロジー・（シェンジェン）・カンパニー・リミテッド,513313299
テンセント・テクノロジー・（シェンジェン）・カンパニー・リミテッド,514187420
テンドラー、ロバートケイ,516267289
テンポラルディフェンスシステムズ，エルエルシー,515320994
デームアールエックスインコーポレーティッド,513183625
デーヴェー・リンギュアル・システムズ・ゲーエムベーハー,513201697
ディーエイチテクノロジーズデベロップメントプライベートリミテッド,510075457
ディーエスエムアイピーアセッツビー．ブイ．,503220392
ディーエックスオー・ラボ,508300448
ディーエヌエージェノテックインク,507306090
ディアメドゲーエムベーハー,514226279
ディグニティサイエンシーズリミテッド,514318138
デイコアイピーホールディングス，エルエルシー,512309299
デイビス，ウィリアムアンソニー,516266743
デマークス・インコーポレイテッド,513015670
デュオジェクト・メディカル・システムズ・インコーポレイテッド,503236599
デリックドナルドジェームズ,516241670
デリベルトムジェラード,516241681
デルフィ・インターナショナル・オペレーションズ・ルクセンブルク・エス・アー・エール・エル,514002684
デンカ株式会社,000003296
デンカ生研株式会社,591125371
デンソートリム株式会社,599161580
デンツプライデトレイゲー．エム．ベー．ハー．,502289695
トーアエイヨー株式会社,000109831
トーキョーエレクトロンユーエスホールディングス，インコーポレーテッド,514028776
トータルマーケティングサービスィズ,516255873
トーマスホーフベルガーゲーエムベーハー,516185189
トゥー‐シックス・インコーポレイテッド,502334032
トゥットエスプレッソエス．アール．エル．,515013650
トッパン・フォームズ株式会社,000110217
トムソンライセンシング,501263810
トムトムナビゲーションベスローテンフエンノートシャップ,515288214
トヨタテクニカルディベロップメント株式会社,306020818
トヨタモーターエンジニアリングアンドマニュファクチャリングノースアメリカ，インコーポレイティド,507342261
トヨタ自動車株式会社,000003207
トヨタ自動車九州株式会社,596002767
トヨタ車体株式会社,000110321
トヨタ紡織株式会社,000241500
トライアン・コーネル・クク,516197285
トラパニ、ジョルジオ,516267278
トランスメディックスインコーポレイティッド,509294117
トリニティ工業株式会社,000110343
トリュープエムルジオンスヒェミーアーゲー,511012916
トルーデルメディカルインターナショナル,501393922
トロトラク・（ディヴェロプメント）・リミテッド,504290859
ドーエイ外装有限会社,000110365
ドックオンエージー,514052966
ドルビー・インターナショナル・アーベー,510185767
ドルビー・インターナショナル・アーベー,511105997
ドルビーラボラトリーズライセンシングコーポレイション,507236292
ナイキイノベイトシーブイ,514144250
ナイキイノベイトセー．フェー．,514175900
ナオ・シング株式会社,394000437
ナカシマプロペラ株式会社,000110435
ナグラビジョンエスアー,504344495
ナショナルインスティテューツオブヘルス（エヌアイエイチ），ユー．エス．デパートメントオブヘルスアンドヒューマンサービシズ（ディーエイチエイチエス），ユー．エス．ガバメントエヌアイエイチディビジョンオブエクストラミューラルインベンションズアンドテクノロジーリソーシズ（ディーイーアイティーアール）,516265399
ナショナルキャンサーセンター,514039912
ナショナルタイワンユニバーシティ,503209342
ナショナルユニバーシティオブシンガポール,509034605
ナチュラリズム,516267234
ナノグラム・コーポレイション,503157216
ナノバイオシスインコーポレーテッド,514198622
ナブテスコオートモーティブ株式会社,510063502
ナミックス株式会社,591252862
ナン，ボンジル,516281399
ナンキン、パイレキシング、ファーマシューティカル、テクノロジー、リミテッド,516281263
ナンジンデェァレイサイエンスアンドテクノロジーカンパニーリミテッド,516210551
ニチアス株式会社,000110804
ニチコン株式会社,000004606
ニプロ株式会社,000135036
ニューウェイマシーンコンポーネンツ、インコーポレイテッド,514170112
ニューコムテクノ株式会社,506210211
ニュースケールパワーエルエルシー,511117093
ヌォーヴォフィルムインコーポレイテッド,515272235
ヌオーヴォピニォーネソチエタレスポンサビリタリミタータ,513243790
ヌケム・テヒノロギース・エンジニアリング・サービシーズ・ゲーエムベーハー,516272375
ヌビア、テクノロジー、カンパニー、リミテッド,516276133
ネーデルランツオルガニサティーフォールトゥーゲパスト‐ナトゥールヴェテンシャッペリークオンデルズークテーエンオー,515124288
ネーデルランドセ・オルガニサティ・フォール・トゥーヘパスト−ナトゥールウェテンスハッペライク・オンデルズーク・テーエヌオー,511095850
ネオフォトニクス・コーポレイション,500030666
ネクスタ株式会社,000218409
ネステクソシエテアノニム,599132904
ネダーランゼ・オルガニサティ・フォーア・トゥーゲパスト−ナトゥールヴェテンシャッペリーク・オンデルゾエク・ティーエヌオー,508351406
ノースカロライナステイトユニヴァーシティ,512047139
ノーリツプレシジョン株式会社,311001347
ノキアソリューションズアンドネットワークスオサケユキチュア,513311642
ノキアテクノロジーズオーユー,315002955
ノキアテクノロジーズオサケユイチア,515076873
ノコミス，インコーポレイテッド,512050885
ノバダックテクノロジーズインコーポレイテッド,507278214
ノバヘルスバイオシステムズエルエルシー,516270784
ノバラックスジャパン株式会社,515267839
ノバルティスアーゲー,504389991
ノボ・ノルデイスク・エー／エス,596113096
ノボザイムスアクティーゼルスカブ,500586299
ノリタケ伊勢電子株式会社,000117940
ノルディック・バイオサイエンス・アクティーゼルスカブ,506025523
ノヴァンタコーポレーション,516254809
ノヴォノルディスクアー／エス,509091848
ハーマンインターナショナルインダストリーズインコーポレイテッド,592051453
ハイテムカンパニーリミテッド,516280668
ハセガワ株式会社,500529838
ハッチンソン,591136931
ハナエンジニアリングジャパン株式会社,514037424
ハネウェル・インターナショナル・インコーポレーテッド,500575824
ハフイヤインスティテュート,509024112
ハフヒュエルスベックウントフュルストゲーエムベーハーウントコー．カーゲー,516231246
ハリバートンエナジーサヴィシーズインコーポレイテッド,511208896
ハリマ化成株式会社,312016056
ハルティングエレクトロニクスゲゼルシャフトミットベシュレンクテルハフツング,513022232
ハワードヒューズメディカルインスティチュート,502352427
ハンター・ダグラス・インコーポレーテッド,507042512
ハンディーラブインコーポレイテッド,503354871
ハンミサイエンスカンパニーリミテッド,512186106
バーコンニュートラサイエンス（エムビー）コーポレイション,503403869
バーテックスファーマシューティカルズインコーポレイテッド,598032106
バイエル・インテレクチュアル・プロパティ・ゲゼルシャフト・ミット・ベシュレンクテル・ハフツング,512137348
バイエル・クロップサイエンス・アクチェンゲゼルシャフト,507203353
バイエル・ファルマ・アクティエンゲゼルシャフト,514298139
バイエル・ヘルスケア・エルエルシー,507021757
バイエルファーマアクチエンゲゼルシャフト,300049958
バイオエヌテックアーゲー,509146023
バイオエレクトロンテクノロジーコーポレイション,507393285
バイオコンパティブルズユーケーリミテッド,303039785
バイオジェン・エムエイ・インコーポレイテッド,398050098
バイオセンス・ウエブスター・（イスラエル）・リミテッド,511099630
バイオタージ・アクチボラゲット,502307209
バイオニアコーポレーション,516171285
バイオメット・３アイ・エルエルシー,598041980
バイドゥオンラインネットワークテクノロジー（ベイジン）カンパニーリミテッド,513224353
バクスアルタインコーポレイテッド,315010787
バクスアルタゲーエムベーハー,515351758
バテルメモリアルインスティチュート,510300991
バラテックリミテッド,516272308
バルターアクチェンゲゼルシャフト,510000378
バレリタス，インコーポレイテッド,510188919
バンドー化学株式会社,000005061
パーシモンテクノロジーズコーポレイション,514062448
パイアバイオテックゲゼルシャフトミットベシュレンクテルハフツング,516272788
パイオニア株式会社,000005016
パク・インギ,516277679
パシフィックエッジバイオテクノロジーリミティド,504350120
パスタライズ株式会社,507227337
パックサイズ，エルエルシー,511117392
パナソニックＩＰマネジメント株式会社,314012076
パナソニックインテレクチュアルプロパティコーポレーションオブアメリカ,514136668
パナソニックヘルスケアホールディングス株式会社,314005768
パナソニック株式会社,000005821
パロ・アルト・リサーチ・センター・インコーポレーテッド,502096543
パロアルトリサーチセンターインコーポレイテッド,504407000
パワー・インテグレーションズ・インコーポレーテッド,501315784
パングバイオファーマリミテッド,511225594
ヒューマヴォックスリミテッド,516036205
ヒユツテネス−アルベルトスヘーミッシエヴエルケゲーエムベーハー,596165202
ヒョンダイダイモスインコーポレイテッド,515345757
ヒョンダイモーターカンパニー,512297583
ヒル−ロムサービシズ，インコーポレイテッド,503278256
ヒロセ電機株式会社,390005049
ビーアンドエルバイオテックインコーポレイティッド,516098513
ビーエーエスエフアグロベー．ブイ．,515012583
ビーエーエスエフコーティングスゲゼルシャフトミットベシュレンクテルハフツング,390008981
ビーエーエスエフソシエタス・ヨーロピア,508020155
ビーティージー・インターナショナル・リミテッド,500431508
ビートスタックエーエス,516282846
ビーピー・コーポレーション・ノース・アメリカ・インコーポレーテッド,503259381
ビオマリンプハルマセウトイカルインコーポレイテッド,509193898
ビッグローブ株式会社,306029774
ビペルゲン,513075559
ビュールマンラボラトリーズアクツィエンゲゼルシャフト,514184256
ビューレイ・テクノロジーズ・インコーポレイテッド,512129837
ビュヒラボーアテヒニクアクチエンゲゼルシャフト,516242541
ビョンムヒョン,516269548
ピーアールシー−デソトインターナショナル，インコーポレイティド,502328466
ピーエスケーインク．,516239035
ピーピージー・インダストリーズ・オハイオ・インコーポレイテッド,399074983
ピコサンオーワイ,510275024
ピュラックバイオケムビー．ブイ．,504421730
ピルキントングループリミテッド,591229107
ファーノ−ワシントン・インコーポレーテッド,506345786
ファーマバイオ株式会社,511150506
ファームバイオコリアカンパニーリミテッド,516281388
ファイザー・インク,593141953
ファイザー・インコーポレイテッド,510069249
ファイブスセレス,507418555
ファオデーエムメタルズインターナショナルゲゼルシャフトミットベシュレンクテルハフツング,516236078
ファディア・アクチボラゲット,500139981
ファナック株式会社,390008235
ファラディオンリミテッド,514065058
フィグラ株式会社,000223986
フィコサアダス，ソシエダッドリミタダユニペルソナル,516284976
フィシオル,512003777
フィッシャー−ローズマウントシステムズ，インコーポレイテッド,512132022
フィッシャーアンドペイケルヘルスケアリミテッド,504298349
フィッシャーアンドペイケルヘルスケアリミテッド,513259285
フィトテックエクストラクツピーヴイティーリミテッド,516273316
フィリップ・モーリス・プロダクツ・ソシエテ・アノニム,596060424
フィリップスライティングホールディングビーヴィ,516043960
フィンガープリントカーズアーベー,500374582
フィンコントロールシステムズピーティーワイ．リミテッド,508041895
フェイスブック，インク．,508178054
フェストアルピーネプレジションストリップアーベー,516155540
フェストアルピネ・ギーセライ・リンツ・ゲー・エム・ベー・ハー,511139361
フェデラル−モーグル・イグニション・カンパニー,506146389
フェデラル−モーグル・モーターパーツ・コーポレイション,516131614
フェデラル−モーグルコーポレイション,599058372
フェデラル−モーグルブルシェイドゲーエムベーハー,509340078
フェニックスファーマラブスインク,513157305
フェリングベスローテンフェンノートシャップ,500297535
フェンウォール、インコーポレイテッド,308020283
フエリング・インターナシヨナル・センター・エス・アー,507372198
フォーサイト・ビジョンフォー・インコーポレーテッド,511185494
フォイトパテントゲゼルシャフトミットベシュレンクテルハフツング,506408818
フォックスコンインターコネクトテクノロジーリミテッド,513312074
フォルシアエミッションズコントロールテクノロジーズ，ジャーマニーゲーエムベーハー,512221337
フォルシュングスツェントルム・ユーリッヒ・ゲゼルシャフト・ミット・ベシュレンクテル・ハフツング,390035448
フジフィルムメディカルシステムズユーエスエイインコーポレイテッド,516236827
フタバ産業株式会社,391002498
フラウンホーファー−ゲゼルシャフト・ツール・フェルデルング・デル・アンゲヴァンテン・フォルシュング・アインゲトラーゲネル・フェライン,500341779
フラウンホッファー−ゲゼルシャフトツァフェルダールングデァアンゲヴァンテンフォアシュンクエー．ファオ,591037214
フラクティルラボラトリーズインコーポレイテッド,513180277
フラワーセップ,514329020
フリービット株式会社,500260296
フリソムアクツィエンゲゼルシャフト,512302016
フルイディック，インク．,511261400
フルミルアーエス,516284334
フレセニウスメディカルケアホールディングスインコーポレーテッド,508180910
フレゼニウスカービドイチュラントゲーエムベーハー,509063694
ブイ．ティー．エム．（バーチャルテープメジャー）テクノロジーズリミテッド,516261977
ブラウン，ホレストジェームズ,512208947
ブラザー工業株式会社,000005267
ブリストル−マイヤーズスクイブカンパニー,391015708
ブリティッシュアメリカンタバコ（インヴェストメンツ）リミテッド,500252844
ブル・エス・アー・エス,512033279
ブルーソリューション,513306615
ブルスウォンマテリアルカンパニーリミテッド,515329687
ブルックスオートメーションインコーポレイテッド,505047094
ブレイスタウル−プロダクションズゲーエムベーハーウントコンパニーカーゲー,514300650
プキョンナショナルユニバーシティインダストリユニバーシティコーポレーションファウンデーション,516052766
プファイファー・ヴァキューム・ゲーエムベーハー,391043675
プライムアースＥＶエナジー株式会社,399107063
プラシャンスアール．ラジェンドラン、プラシャンス,516282363
プラスチック・オムニウム・アドヴァンスド・イノベーション・アンド・リサーチ,515269659
プラッサーウントトイラーエクスポートフォンバーンバウマシーネンゲゼルシャフトミットベシュレンクテルハフツング,514318345
プラティット・アクチエンゲゼルシャフト,516281300
プラネタリー・ネットワーク・テクノロジース・インコーポレーテッド,516217549
プラハラジュラクスミナラヤナ,516223263
プランゼーエスエー,390040486
プリマハム株式会社,000113067
プルリステムリミテッド,508286670
プレーリーアクアテク,514136509
プレキシオン株式会社,508035425
プレキシコンインコーポレーテッド,505324881
プレシスカンパニーリミテッド,516238599
プレジデントアンドフェローズオブハーバードカレッジ,507044516
プレス工業株式会社,390001579
プロセブン株式会社,500441378
プロテオノヴァ、インコーポレイテッド,506198285
プロトラスト株式会社,513310678
プロパフォーマンススポーツ，エル．エル．シー．,516238371
プロフェクタスバイオサイエンシズインコーポレイテッド,516261933
プロミウスファーマ，エルエルシー,516273305
プロメガコーポレイション,593089149
ヘルガ、レフサム,516268404
ヘルス・ダイアグノスティック・ラボラトリー，インコーポレーテッド,514306294
ヘレウスメディカルゲーエムベーハー,510340506
ヘンケル・アクチェンゲゼルシャフト・ウント・コムパニー・コマンディットゲゼルシャフト・アウフ・アクチェン,391008825
ベース４イノベーションリミテッド,510060453
ベーハーエスコルゲーテッドマシーネン−ウントアンラーゲンバウゲゼルシャフトミットベシュレンクテルハフツング,304043682
ベーリンガーインゲルハイムフェトメディカゲーエムベーハー,505258715
ベイラーリサーチインスティテュート,509004712
ベクテルハイドロカーボンテクノロジーソリューションズインコーポレイテッド,516265104
ベクトン・ディキンソン・アンド・カンパニー,595117091
ベネノックスリミテッド,516137568
ベリトランス株式会社,500394834
ベリフアイ・エルエルシー,516143226
ベル・バイオシステムズ，インコーポレーテッド,514175863
ベンディットテクノロジーズリミテッド．,516170886
ペラゴバイオサイエンスアーベー,516284677
ホーチキ株式会社,000003403
ホアウェイ・テクノロジーズ・カンパニー・リミテッド,504161984
ホアウェイ・デバイス・カンパニー・リミテッド,312003470
ホガナスアクチボラグ（パブル）,509020295
ホフマン，コンラッド,514240806
ホヤレンズタイランドリミテッド,509333807
ホリスター・インコーポレイテッド,591000414
ボーズ・コーポレーション,591009509
ボード・オブ・リージエンツ，ザ・ユニバーシテイ・オブ・テキサス・システム,500039463
ボストンサイエンティフィックサイムド，インコーポレイテッド,506192652
ボストンサイエンティフィックニューロモデュレイションコーポレイション,507213592
ボルカノ株式会社,593196849
ボルケーノコーポレイション,515122402
ボレアリス・アクチェンゲゼルシャフト,513276905
ボレアリスエージー,511114678
ポーチューン，アンドリューリチャード,516266721
ポール・コーポレーション,596064112
ポールヘティッヒゲーエムベーハーウントツェーオー．カーゲー,504467554
ポジティブグリッドエルエルシー,516217860
ポスコ,592000691
ポスコイーエスマテリアルスカンパニーリミテッド,512150107
ポライトアーエス,511009547
ポリエラコーポレイション,509137560
ポリムテクノロジーコーポレーション,516213035
マイクロストーン株式会社,500020287
マイクロソフトコーポレーション,500046438
マイクロソフトテクノロジーライセンシング，エルエルシー,314015767
マイケルジェイフリン,512016227
マグナインターナショナルインコーポレイテッド,501241575
マサチューセッツ・インスティトュート・オブ・テクノロジー,507324290
マサチューセッツインスティテュートオブテクノロジー,596060697
マサリコバウニベルシタ,516170288
マシンビジョンライティング株式会社,715007004
マスターイメージ３ディーアジアリミテッドライアビリティカンパニー,510252667
マスターカードインターナショナルインコーポレーテッド,508012862
マスプロ電工株式会社,000113665
マックス−ツェラー・ゾーネ・アーゲー,508374140
マックス株式会社,000006301
マックライズゲーエムベーハーウントコーカーゲー,516098579
マッケ・ゲゼルシャフトミットベシュレンクターハフトゥング,513242656
マツダ株式会社,000003137
マティセラピューティクス，インク．,516019091
マナック株式会社,000113780
マニー株式会社,390003229
マランゴーニメカニカエッセ．ピ．ア．,508250017
マリンバイオテクノロジー株式会社,513221916
マルカン酢株式会社,591033124
マルトモ株式会社,590006398
マルワ製袋株式会社,599072172
マレルタウンセンドファーザープロセッシングビー．ヴィー．,513295582
マンツイタリーエス．アール．エル．,516125886
ミッション・ファーマカル・カンパニー,500367252
ミツミ電機株式会社,000006220
ミデアグループカンパニーリミテッド,515316034
ミトラバイオテックプライベートリミテッド,514084093
ミドリ安全株式会社,391009372
ミネルババイオテクノロジーズコーポレーション,507081094
ムールウントベンダーコマンディートゲゼルシャフト,596179058
メイユーティックエンタープライゼスインク．,516263801
メインフードプロセシングテクノロジーベー．フェー．,514175841
メダキスアーゲー,516159032
メダクタ・インターナショナル・ソシエテ・アノニム,512073792
メディカルエナジェティクスリミテッド,514272896
メトーデエレクトロニクスマルタリミテッド,512072902
メモリーテック・ホールディングス株式会社,595047020
メルク・シャープ・アンド・ドーム・コーポレーション,596129215
メルクパテントゲーエムベーハー,597035528
メルクパテントゲゼルシャフトミットベシュレンクテルハフツング,591032596
モボファイルズインク．ディービーエーモボライズ,514116693
モリックス株式会社,594034625
モルガナ・デ・アビラ・リバス,516197263
モロジック・リミテッド,516122335
ヤグチ電子工業株式会社,513232598
ヤフー株式会社,500257300
ヤマウチ株式会社,000114710
ヤマハ株式会社,000004075
ヤマハ発動機株式会社,000010076
ヤンセンファーマシューティカエヌ．ベー．,397060175
ヤンマー株式会社,000006781
ユー・ディー・シーアイルランドリミテッド,512253626
ユーエフアイフィルターズエッセ．ピ．ア．,511259142
ユーシーエルビジネスピーエルシー,507299817
ユーシステム株式会社,500301784
ユーハ味覚糖株式会社,390020189
ユービーマテリアルズインコーポレイテッド,314004772
ユーロケラソシエテオンノームコレクティフ,504374919
ユーロプラズマエンヴェー,516104870
ユセベファルシムソシエテアノニム,504000041
ユタ−イナディーディーエスアンドアドバンストセラピューティクスリサーチセンター,515129331
ユナイテッドセラピューティクスコーポレイション,511266520
ユニ・チャーム株式会社,000115108
ユニオン電子工業株式会社,591112658
ユニコン電子株式会社,598174129
ユニサンティスエレクトロニクスシンガポールプライベートリミテッド,311014428
ユニスト（ウルサンナショナルインスティテュートオブサイエンスアンドテクノロジー）,515351884
ユニチカ株式会社,000004503
ユニバーサルシティスタジオズリミテッドライアビリティカンパニー,511077292
ユニバーサルディスプレイコーポレイション,503055897
ユニバーサル製缶株式会社,305060154
ユニバーシティ・オブ・チューリッヒ,507324681
ユニバーシティオブワシントンスルーイッツセンターフォーコマーシャライゼーション,513111938
ユニバーシティヘルスネットワーク,514234997
ユニベーション・テクノロジーズ・エルエルシー,599168648
ユニベルシテ・パリ・デカルト,509033033
ユニヴァーシティ・オブ・サウス・オーストラリア,516268220
ユニヴェルシテ・ドゥ・ナント,507421289
ユニヴェルシテ・ドゥ・ナント,510187118
ユニヴェルシテデクス−マルセイユ,511025226
ユリウス・マクシミリアンス−ウニヴェルジテート・ヴュルツブルク,510232393
ヨーベイビーエルエルシー,516243375
ヨハネスグーテンベルグ−ウニヴェリジテートマインツ,509256849
ヨフィメーター，リミティドライアビリティカンパニー,516272836
ヨンウーカンパニー，リミテッド,515033496
ライオン株式会社,000006769
ライシオニュートリションリミティド,508291892
ライジェルファーマシューティカルズ，インコーポレイテッド,504294145
ライターインゴルスタドトゲーエムベーハー,509120344
ライトメディカルテクノロジーインコーポレイテッド,504154126
ライナットニューロサイエンスコーポレイション,505129415
ライフテクノロジーズコーポレーション,502221282
ライブリーフ，インコーポレーテッド,513275861
ラインストリームテクノロジーズ,512264806
ラグゼクレタエルエルシー,516213943
ラジェンドラン、ラジャ、ラマヌジャム,516282352
ラトガーズ，ザステイトユニバーシティオブニュージャージー,502155611
ラピスセミコンダクタ株式会社,308033711
ラピッドオーソドンティックス、インク．,516242275
ラフール・ラウト,516197274
ラボラトリースキンケアインコーポレイテッド,500535622
ラボラトワール・フランセ・デュ・フラクシオンマン・エ・デ・ビョテクノロジー,506129544
ラムリサーチコーポレーション,592010081
ランクセス・ドイチュランド・ゲーエムベーハー,505422707
ラヴァルエイ．シー．エス．リミテッド,514240644
リープヘル−コンポーネンツビーベラッハゲーエムベーハー,512197434
リープヘル−フェアツァーンテヒニクゲゼルシャフトミットベシュレンクテルハフツング,594012634
リケンテクノス株式会社,000250384
リコーイメージング株式会社,311015207
リサーチインスティチュートアットネイションワイドチルドレンズホスピタル,515289842
リサーチインスティチュートオブインダストリアルサイエンスアンドテクノロジー,592000705
リシー・エアロスペース,513128349
リジェネロン・ファーマシューティカルズ・インコーポレイテッド,597160510
リジュアンチェン,516257811
リセラ・コーポレイション,513146103
リチャージャブルバッテリーコーポレイション，ディー／ビー／エーアールビーシーテクノロジーズ,516238577
リドーマシーナリーインコーポレイテッド,512132505
リナックエー／エス,594167956
リニアーテクノロジーコーポレイション,593219551
リフラクトリー・インテレクチュアル・プロパティー・ゲー・エム・ベー・ハー・ウント・コ・カーゲー,503069193
リュー，デイヴィッド，エル．,514140746
リンテック株式会社,000102980
リンデアクチエンゲゼルシャフト,391009659
リンナイ株式会社,000115854
ルアク・シュヴァイツ・アクチェンゲゼルシャフト,512265009
ルオダファーマピーティーワイリミテッド,514290133
ルネサスエレクトロニクス株式会社,302062931
ルノーエス．ア．エス．,507308902
レームゲー・エム・ベー・ハー,516049733
レイクスウニフェルジテイト・フローニンゲン,504018105
レイセオンカンパニー,503455363
レイトンソーラーインコーポレイテッド,516248613
レイベン・テクノロジーズ・（ホンコン・）リミテッド,516135911
レインツデッチタングスゲーエムベーハー,505467753
レスメド・リミテッド,500046450
レッドニーインコーポレイテッド,516257969
レベルスリーコミュニケーションズ，エルエルシー,508140877
レボリューションディスプレイ，エルエルシー,514025867
レミントンデザインズリミテッドライアビリティカンパニー,314004336
レラボラトワールセルヴィエ,500287019
レリオンプラズマゲーエムベーハー,515198669
ローズマウントインコーポレイテッド,597115727
ローディアオペレーションズ,508079739
ローデンストック．ゲゼルシャフト．ミット．ベシュレンクテル．ハフツング,503279013
ロードウェアーズインコーポレイテッド,516219370
ローベルトボッシュゲゼルシャフトミットベシュレンクテルハフツング,501125231
ローベルトボツシユゲゼルシヤフトミツトベシユレンクテルハフツング,390023711
ローム・アンド・ハース・エレクトロニック・マテリアルズ・コリア・リミテッド,509266480
ロームアンドハースエレクトロニックマテリアルズエルエルシー,591016862
ロームアンドハースエレクトロニックマテリアルズシーエムピーホウルディングスインコーポレイテッド,504089426
ロームアンドハースカンパニー,590002035
ローム株式会社,000116024
ローランドディー．ジー．株式会社,000116057
ロイコケア・アクチェンゲゼルシャフト,508329885
ロウ、デイビッドエイ．,516267119
ロケットフレール,591169401
ロゼッタゲノミクスリミテッド,513243963
ロッキードマーティンコーポレーション,504242618
ロックウッドリチウムゲゼルシャフトミットベシュレンクテルハフツング,513159239
ロッターマーティンジェイ．,516283441
ロッテコンフェクショナリーカンパニーリミテッド,501401593
ロディアオペレーションズ,508076598
ロベルト・ボッシュ・ゲゼルシャフト・ミト・ベシュレンクテル・ハフツング,591245473
ロマークラボラトリーズエル．シー．,507337865
ロレアル,391023932
ロンザリミテッド,391003864
ロヴィガイズ，インコーポレイテッド,514320050
ワールプール・エシ・ア,506198746
ワイルドアンドリューマイケル,516182410
ワイルドクレアキャサリン,516182421
ワイルドジェニファーアリソン,516182409
ワイルドテレサキャスリーン,516182443
ワイルドハリエットビクトリア,516182432
ワルトシラネザーランズベーフェー,515103423
ヴァーサパワーシステムズリミテッド,516282927
ヴァーシテック・リミテッド,516259217
ヴァリアンセミコンダクターイクイップメントアソシエイツインコーポレイテッド,500239188
ヴァレオ、オートシステミ、エスピー．ゼット．オー．オー．,514111355
ヴァレオアンブラヤージュ,503041177
ヴァレオシステムデシュヤージュ,512092737
ヴァレオシステムデシュヤージュ,590003744
ヴァローレックドイチュラントゲーエムベーハー,513314366
ヴァンダファーマシューティカルズインコーポレイテッド,507021702
ヴアブコ・ゲゼルシヤフト・ミツト・ベシユレンクテル・ハフツング,596055475
ヴィゴラスソリューションズリミテッド,516276041
ヴィンタートゥールガスアンドディーゼルアーゲー,515111358
ヴェーエムイーホーランドベー．ヴェー．,595090635
ヴェステルホルト，マリアンネハーラー,516212669
ヴェリリーライフサイエンシズエルエルシー,516035068
ヴェルサリスソシエタペルアチオニ,512115977
ヴェルセック・エスペエルエル,516216058
愛愛送社株式会社,512266604
愛三工業株式会社,000116574
愛知機械工業株式会社,390009896
愛知製鋼株式会社,000116655
旭モールディング株式会社,503271969
旭化成エレクトロニクス株式会社,303046277
旭化成ファーマ株式会社,303046299
旭化成ホームズ株式会社,303046244
旭化成株式会社,000000033
旭硝子株式会社,000000044
旭陽化学工業株式会社,595033975
安藤敏文,512277404
伊東電機株式会社,592026819
井関農機株式会社,000000125
井尻正裕,715000027
井村屋グループ株式会社,390014904
一般財団法人ＮＨＫエンジニアリングシステム,591053926
一般財団法人電力中央研究所,000173809
一般財団法人日本消防設備安全センター,300035445
茨木宏治,715008403
因幡電機産業株式会社,000119830
宇田川明美,515284537
宇部マテリアルズ株式会社,000119988
宇部興産株式会社,000000206
臼井国際産業株式会社,000120249
永朔實業有限公司,514267984
塩野義製薬株式会社,000001926
横河電機株式会社,000006507
横浜エレベータ株式会社,594052700
横浜ゴム株式会社,000006714
王子ホールディングス株式会社,000122298
岡潔,514138721
岡部大陸,301033363
沖電気工業株式会社,000000295
加藤優子,515284685
嘉陽美幸,501069658
花王株式会社,000000918
華為技術有限公司,503433420
会津富士加工株式会社,511024931
海爾集団公司,512127855
学校法人加計学園,599035627
学校法人関西学院,503092180
学校法人関西大学,399030060
学校法人幾徳学園,391022614
学校法人久留米大学,599045903
学校法人近畿大学,000125347
学校法人慶應義塾,899000079
学校法人産業医科大学,506087705
学校法人自治医科大学,505246789
学校法人順天堂,502285457
学校法人新潟科学技術学園,505111982
学校法人千葉工業大学,598163064
学校法人早稲田大学,899000068
学校法人大阪医科薬科大学,502437894
学校法人東海大学,000125369
学校法人東京女子医科大学,591173198
学校法人東京農業大学,598096991
学校法人東洋大学,501061319
学校法人同志社,503027931
学校法人日本大学,899000057
学校法人北里研究所,598041566
学校法人名城大学,599002043
学校法人龍谷大学,597065329
楽天株式会社,399037405
株式会社ＡＤＥＫＡ,000000387
株式会社ＡＮＳｅｅＮ,516088329
株式会社ＣＳソリューション,513040432
株式会社Ｃｌｕｅｓ,515282681
株式会社ＤＮＰファインケミカル,000183923
株式会社Ｄブランド,515267769
株式会社Ｆ・Ｍ・Ｓ,514051040
株式会社ＦＯＭＭ,313017322
株式会社ＦｉＮＣ,514043735
株式会社Ｇ・Ｔ・Ｒ,509148072
株式会社ＧＢＲＹ,516147545
株式会社ＧＦＬ,513119303
株式会社ＧＳユアサ,507151526
株式会社ＩＨＩ,000000099
株式会社ＩＨＩエアロスペース,500302552
株式会社ＪＯＬＥＤ,514188173
株式会社ＪＶＣケンウッド,308036402
株式会社ＫＣＭ,509241041
株式会社ＫＲＩ,591167430
株式会社Ｋｙｕｌｕｘ,516003621
株式会社ＬＩＸＩＬ,302045705
株式会社ＬＴＴバイオファーマ,303010452
株式会社ＬｉｓＢ,511098013
株式会社ＭＯＲＥＳＣＯ,000146180
株式会社ＭＴＧ,599083411
株式会社Ｍｕｒａｋｕｍｏ,301014269
株式会社ＮＩＳＨＩＨＡＲＡ,508333033
株式会社ＮＴＴドコモ,392026693
株式会社ＮＴＴファシリティーズ,593063161
株式会社ＮｅｊｉＬａｗ,511025411
株式会社ＰＦＵ,000136136
株式会社Ｑｕａｒｒｙｍｅｎ＆Ｃｏ．,512139205
株式会社ＳＣＲＥＥＮセミコンダクターソリューションズ,506322684
株式会社ＳＣＲＥＥＮホールディングス,000207551
株式会社ＳＩＤ創研,312011419
株式会社ＳＵＭＣＯ,302006854
株式会社Ｔ＆ＫＴＯＫＡ,592215435
株式会社ＴＡＮ−ＥＩ−ＳＹＡ,507108313
株式会社ＴＢＫ,000220712
株式会社ＴＲＹセル,515266016
株式会社ＵＡＣＪ,000107538
株式会社ＷＯＷＯＷ,594058230
株式会社ＷＯＷＯＷコミュニケーションズ,515267895
株式会社ＷａｖｅＥｎｅｒｇｙ,512231417
株式会社ｅ−Ｊｕｎｃｔｉｏｎ,511256200
株式会社ｎｉｔｔｏｈ,000227364
株式会社いうら,394006129
株式会社すとろーはうす,506422342
株式会社ろけっと開発,513087781
株式会社アートネイチャー,000126218
株式会社アールテック,502094572
株式会社アールテック・ウエノ,592060271
株式会社アイエイアイ,391008515
株式会社アイサク,597066452
株式会社アシックス,000000310
株式会社アセラ,503353025
株式会社アドバンテスト,390005175
株式会社アドヴィックス,301065892
株式会社アニモ,595061705
株式会社アプライド・ビジョン・システムズ,504454060
株式会社アマダホールディングス,390014672
株式会社アモーレパシフィック,506213681
株式会社アルバック,000231464
株式会社イギス,510199502
株式会社イシダ,000147833
株式会社イノアックコーポレーション,000119232
株式会社イルカカレッジ,302036529
株式会社ウェルキャット,390035884
株式会社エーエヌエンジニアリング,510138877
株式会社エーピーアイコーポレーション,396020464
株式会社エーユー,315007433
株式会社エクセディ,000149033
株式会社エスエヌジー,314001771
株式会社エスプランニング,508336894
株式会社エトヴォス,508103023
株式会社エヌ・ティー・エス,504318326
株式会社エフ・アイ・ティ,310017378
株式会社エフ・シー・シー,000128175
株式会社エム・システム技研,390001166
株式会社オーディオテクニカ,000128566
株式会社オートネットワーク技術研究所,395011665
株式会社オギタヘムト,503322814
株式会社オトデザイナーズ,506191965
株式会社オハラ,000128784
株式会社オプティム,500521522
株式会社カカオ,514002422
株式会社カズマ,395003648
株式会社カタリナ,515268881
株式会社カネカ,000000941
株式会社カネコ,000104216
株式会社キーレックス,590000721
株式会社クボタ,000001052
株式会社クボタケミックス,505142964
株式会社クラレ,000001085
株式会社クレハ,000001100
株式会社グリーン＆ライフ・イノベーション,515177653
株式会社グロリアス,514300395
株式会社ケー・ユー技研,515265606
株式会社ケアコム,591253593
株式会社コシダカホールディングス,511043437
株式会社コスメック,391003989
株式会社コマツ,398000646
株式会社コロナ,000000538
株式会社コロプラ,509070463
株式会社コンテック,592007601
株式会社サイバー・ソリューションズ,501175281
株式会社サクラクレパス,390039734
株式会社サクラメン,308000218
株式会社サムソン,000130651
株式会社サンリツ,599024001
株式会社シーエンジ,300054206
株式会社システムズ,500303571
株式会社シミズオクト,503404648
株式会社ショーワ,000146010
株式会社シルフィード,512171157
株式会社ジーシー,000181217
株式会社ジーシーデンタルプロダクツ,000181228
株式会社ジェイテクト,000001247
株式会社ジオクリエイツ,513217311
株式会社ジャパンクリニカルサービス,513241626
株式会社ジャパンディスプレイ,502356528
株式会社ジョイコシステムズ,501468770
株式会社スカイロボット,515027772
株式会社スギノマシン,000132161
株式会社スギヤマゲン,598039242
株式会社スクウェア・エニックス,308033283
株式会社スリーボンド,000132404
株式会社セガゲームス,000132471
株式会社セルシード,501345220
株式会社ゼンリンデータコム,500578216
株式会社ソシオネクスト,514315159
株式会社ソディック,000132725
株式会社ソニー・インタラクティブエンタテインメント,310021766
株式会社ソフイア,000132747
株式会社ソフセラ,509090601
株式会社タイカ,306026980
株式会社タカトリ,000132954
株式会社タダノ,000148759
株式会社タニガキ建工,502270051
株式会社タニタ,000133179
株式会社タンガロイ,000221144
株式会社ダイセル,000002901
株式会社ダイゾー,391021031
株式会社ダイヘン,000000262
株式会社テクノクラーツ,302067947
株式会社テクノリンク,594206093
株式会社テック・エキスパーツ,502196463
株式会社テムコジャパン,591075892
株式会社ディスコ,000134051
株式会社ディッグ,515267507
株式会社デュプロ,000109727
株式会社デンソー,000004260
株式会社デンソーウェーブ,501428545
株式会社トクヤマ,000003182
株式会社トップ,390029676
株式会社トプコン,000220343
株式会社トリケミカル研究所,591006003
株式会社ナム,392004945
株式会社ニコン,000004112
株式会社ニコン・トリンブル,303047872
株式会社ニッキ,000153122
株式会社ニフコ,000135209
株式会社ニューギン,000135210
株式会社ニレコ,000135254
株式会社ネオス,000135265
株式会社ノーリツ,000004709
株式会社ノエビア,000135324
株式会社ノリタケカンパニーリミテド,000004293
株式会社ハーマン,301071893
株式会社ハイレックスコーポレーション,390000996
株式会社バッファロー,390040187
株式会社バンダイ,000135748
株式会社バンダイナムコエンターテインメント,000134855
株式会社パイオラックス,000124096
株式会社ビームセンス,505018740
株式会社ファーマフーズ,500101243
株式会社フィールドシステム,502441950
株式会社フジキン,390033857
株式会社フジクラ,000005186
株式会社フジシール,313004403
株式会社フジタ,302060926
株式会社フジミインコーポレーテッド,000236702
株式会社フジワラテクノアート,000223931
株式会社フロンティアエンジニアリング,000136642
株式会社ブイ・テクノロジー,500171707
株式会社ブリヂストン,000005278
株式会社ヘリオス,513229509
株式会社ベネフィット−イオン,515266429
株式会社マエダマテリアル,502074208
株式会社マキタ,000137292
株式会社マグマスパジャパン,506082766
株式会社マルナカ,304065879
株式会社マンダム,390011442
株式会社ミツトヨ,000137694
株式会社ミツバ,000144027
株式会社ミヤコシ,000161057
株式会社メイコー,000243906
株式会社メイワパックス,390033868
株式会社メジャーテックツルミ,508216404
株式会社メディカルプロジェクト,599135178
株式会社メドレックス,302005628
株式会社メニコン,000138082
株式会社ユニバーサルエンターテインメント,598098526
株式会社ユピテル,391001848
株式会社ユピテル鹿児島,508320239
株式会社ユポ・コーポレーション,000122313
株式会社ライフ,592132730
株式会社リケン,000139023
株式会社リコー,000006747
株式会社レーベン販売,302045602
株式会社レールテック,597110995
株式会社レベルファイブ,515265938
株式会社ロッテ,307013857
株式会社ワコー,390013343
株式会社ワコール,306033379
株式会社ワコム,000139403
株式会社ヴァレオジャパン,500309126
株式会社安川電機,000006622
株式会社安藤・間,303057365
株式会社荏原製作所,000000239
株式会社横河ブリッジ,508036743
株式会社岡崎製作所,000140454
株式会社岡村製作所,000000561
株式会社沖データ,591044164
株式会社河合楽器製作所,000001410
株式会社丸ヱム製作所,502262654
株式会社技研製作所,000141521
株式会社光栄,599008919
株式会社工販,501292795
株式会社工房ＰＤＡ,503304441
株式会社弘輝,000143215
株式会社高尾,395018239
株式会社根本杏林堂,391039313
株式会社鷺宮製作所,000143949
株式会社三共,000144153
株式会社三谷バルブ,000144463
株式会社三徳,000176660
株式会社三洋物産,000144522
株式会社資生堂,000001959
株式会社芝浦電子,000145242
株式会社重松製作所,000145507
株式会社小糸製作所,000001133
株式会社小松製作所,000001236
株式会社小森コーポレーション,000184735
株式会社松永製作所,000146113
株式会社松田製作所,515026982
株式会社湘南合成樹脂製作所,592057385
株式会社新川,000146722
株式会社森川金型製作所,510151201
株式会社神戸製鋼所,000001199
株式会社神鋼環境ソリューション,000192590
株式会社神崎高級工機製作所,000125853
株式会社川島製作所,000148162
株式会社浅野研究所,304050369
株式会社総合車両製作所,712004783
株式会社村田製作所,000006231
株式会社大一商会,000148922
株式会社大協精工,000149000
株式会社大阪ソーダ,000108993
株式会社大都技研,597044139
株式会社大友製作所,302030985
株式会社大林組,000000549
株式会社辰巳菱機,391028328
株式会社竹中工務店,000003621
株式会社椿本バルクシステム,000150811
株式会社島津製作所,000001993
株式会社東海理化電機製作所,000003551
株式会社東郷製作所,000151597
株式会社東芝,000003078
株式会社東北テクノアーチ,899000035
株式会社東洋高圧,592148878
株式会社東洋精機製作所,000151852
株式会社湯山製作所,592246705
株式会社藤商事,391010943
株式会社童夢,391021329
株式会社奈良機械製作所,000152181
株式会社日清製粉グループ本社,000226998
株式会社日本アルファ,392028767
株式会社日本エイピーアイ,595115754
株式会社日本スペリア社,592025786
株式会社日本ピージーエム,599027242
株式会社日本自動車部品総合研究所,000004695
株式会社日本触媒,000004628
株式会社日本総合研究所,302064762
株式会社日立システムズ,000233491
株式会社日立ハイテクノロジーズ,501387839
株式会社日立ビルシステム,000232955
株式会社日立国際電気,000001122
株式会社日立産機システム,502129933
株式会社日立産業制御ソリューションズ,000153443
株式会社日立情報通信エンジニアリング,000233295
株式会社日立製作所,000005108
株式会社巴川製紙所,000153591
株式会社八光,000153823
株式会社半導体エネルギー研究所,000153878
株式会社美登,515206768
株式会社筆まめ,311008863
株式会社不二工機,391002166
株式会社富士セラミックス,000154196
株式会社富士通ゼネラル,000006611
株式会社平和,000154679
株式会社別川製作所,505384449
株式会社豊成産業,591250776
株式会社豊田自動織機,000003218
株式会社豊田中央研究所,000003609
株式会社牧野フライス製作所,000154990
株式会社堀場製作所,000155023
株式会社未来技研,501202107
株式会社無有,314000800
株式会社名機製作所,000155159
株式会社明治,000006138
株式会社明電舎,000006105
株式会社悠心,307028493
株式会社有沢製作所,000155698
株式会社流機エンジニアリング,391061646
株式会社和コーポレーション,512283210
釜山大学校,512190930
環境エネルギー株式会社,313009877
関西ペイント株式会社,000001409
関東防災工業株式会社,391001284
丸尾カルシウム株式会社,390008442
岩崎電気株式会社,000000192
岩倉夕希子,512175971
起亞自動車株式会社,500518050
技術研究組合光電子融合基盤技術研究所,513065077
吉林▲凱▼菜英医▲薬▼化学有限公司,516156318
久光製薬株式会社,000160522
宮崎徹,511288304
宮沢強,503006095
京セラクリスタルデバイス株式会社,000104722
京セラドキュメントソリューションズ株式会社,000006150
京セラ株式会社,000006633
京楽産業．株式会社,000161806
京三電機株式会社,000161840
共同印刷株式会社,000162113
共和コンクリート工業株式会社,000162216
協立化学産業株式会社,000162434
橋口真二,500015939
興和株式会社,000163006
鏡翔太郎,514205735
極東産機株式会社,000163121
近藤繭,515269420
金剛株式会社,000163833
金竣企業股▲ふん▼有限公司,511227934
金寶電子工業股▲フン▼有限公司,514176398
金澤秀子,503131777
熊田静子,391057443
栗新,516278931
栗田工業株式会社,000001063
群栄化学工業株式会社,000165000
恵比寿化成株式会社,594188548
現代自動車株式会社,591251636
古河ＡＳ株式会社,391045897
古河ロックドリル株式会社,594149398
古河電気工業株式会社,000005290
古河電池株式会社,000005382
古野電気株式会社,000166247
戸田工業株式会社,000166443
五月女美智子,515301513
五洋建設株式会社,000166627
後藤錦隆,513216749
光電子株式会社,598084390
公益財団法人愛知水と緑の公社,515268098
公益財団法人科学技術交流財団,500254354
公益財団法人若狭湾エネルギー研究センター,397022885
公益財団法人鉄道総合技術研究所,000173784
公益財団法人東京都医学総合研究所,591063394
公立大学法人横浜市立大学,505155528
公立大学法人広島市立大学,510108951
公立大学法人首都大学東京,305027401
公立大学法人秋田県立大学,306024148
公立大学法人大阪市立大学,506122327
公立大学法人大阪府立大学,505127721
公立大学法人福井県立大学,507157045
公立大学法人兵庫県立大学,513099603
孔版技研工業株式会社,513107838
工建テック株式会社,510111227
広島県,591079487
広東阿格蕾雅光電材料有限公司,515177907
杭州三花研究院有限公司,516071103
甲神電機株式会社,595176098
皇田工業股▲フン▼有限公司,510017985
高橋晃世,510194459
高砂香料工業株式会社,000169466
高周波熱錬株式会社,390029089
高島康夫,509161783
合同会社ディジシステム,513022184
国民技術股ふん有限公司,509227528
国立研究開発法人科学技術振興機構,503360115
国立研究開発法人国立がん研究センター,510097747
国立研究開発法人国立循環器病研究センター,510094724
国立研究開発法人国立精神・神経医療研究センター,510147776
国立研究開発法人産業技術総合研究所,301021533
国立研究開発法人情報通信研究機構,301022471
国立研究開発法人物質・材料研究機構,301023238
国立研究開発法人理化学研究所,503359821
国立研究開発法人量子科学技術研究開発機構,301032942
国立大学法人愛媛大学,504147254
国立大学法人京都工芸繊維大学,504255685
国立大学法人京都大学,504132272
国立大学法人金沢大学,504160781
国立大学法人九州大学,504145342
国立大学法人熊本大学,504159235
国立大学法人群馬大学,504145364
国立大学法人広島大学,504136568
国立大学法人香川大学,304028346
国立大学法人高知大学,504174180
国立大学法人埼玉大学,504190548
国立大学法人三重大学,304026696
国立大学法人山梨大学,304023994
国立大学法人信州大学,504180239
国立大学法人神戸大学,504150450
国立大学法人静岡大学,304023318
国立大学法人千葉大学,304021831
国立大学法人大阪大学,504176911
国立大学法人筑波大学,504171134
国立大学法人長岡技術科学大学,304021288
国立大学法人長崎大学,504205521
国立大学法人鳥取大学,504150461
国立大学法人電気通信大学,504133110
国立大学法人東京医科歯科大学,504179255
国立大学法人東京海洋大学,504196300
国立大学法人東京工業大学,304021417
国立大学法人東京大学,504137912
国立大学法人東京農工大学,504132881
国立大学法人東北大学,504157024
国立大学法人奈良先端科学技術大学院大学,504143441
国立大学法人富山大学,305060567
国立大学法人福島大学,505089614
国立大学法人北海道大学,504173471
国立大学法人名古屋工業大学,304021277
国立大学法人名古屋大学,504139662
黒崎播磨株式会社,000170716
黒田順也,515265802
黒田精工株式会社,000170853
昆山維信諾顕示技術有限公司,511277342
昆山工研院新型平板顕示技術中心有限公司,515179314
昆山国顕光電有限公司,515179325
根占賢志,511204061
佐野淳宏,515285028
采▲ぎょく▼科技股▲ふん▼有限公司,507296388
坂東機工株式会社,000174220
堺ディスプレイプロダクト株式会社,512225287
堺化学工業株式会社,000174541
榊原直也,515267563
三ツ星ベルト株式会社,000006068
三井・デュポンポリケミカル株式会社,000174862
三井化学アグロ株式会社,303020956
三井化学株式会社,000005887
三井化学東セロ株式会社,000220099
三井金属アクト株式会社,000148896
三井金属鉱業株式会社,000006183
三井精機工業株式会社,000174987
三井造船株式会社,000005902
三井農林株式会社,303044712
三浦工業株式会社,000175272
三恵工業株式会社,398042576
三工機器株式会社,390020031
三星エスディアイ株式会社,590002817
三星ダイヤモンド工業株式会社,390000608
三星ディスプレイ株式會社,512187343
三星電子株式会社,390019839
三同建設株式会社,513206924
三菱アルミニウム株式会社,000176707
三菱スペース・ソフトウエア株式会社,591102095
三菱マテリアル株式会社,000006264
三菱マヒンドラ農機株式会社,000001878
三菱レイヨン株式会社,000006035
三菱鉛筆株式会社,000005957
三菱化学株式会社,000005968
三菱瓦斯化学株式会社,000004466
三菱自動車エンジニアリング株式会社,000176811
三菱自動車工業株式会社,000006286
三菱樹脂株式会社,000006172
三菱重工コンプレッサ株式会社,310010564
三菱重工業株式会社,000006208
三菱製鋼株式会社,000176833
三菱製紙株式会社,000005980
三菱電機インフォメーションネットワーク株式会社,501158538
三菱電機ビルテクノサービス株式会社,000236056
三菱電機ホーム機器株式会社,000176866
三菱電機株式会社,000006013
三菱電機照明株式会社,390014546
三菱日立ツール株式会社,000233066
三菱日立パワーシステムズ株式会社,514030104
三菱日立製鉄機械株式会社,502251784
三洋化成工業株式会社,000002288
三洋電機株式会社,000001889
三和シヤッター工業株式会社,307038540
三和化学株式会社,598142302
三和電気工業株式会社,391005581
参天製薬株式会社,000177634
山岡金属工業株式会社,390028163
山口精研工業株式会社,000178310
山佐株式会社,390026620
山田菊夫,595007552
山東冠龍医療用品有限公司,516272319
山東特▲法▼曼薬業有限公司,511141836
山本浩文,512307147
山本晴美,515285017
山陽特殊製鋼株式会社,000180070
山縣優子,515265949
市川彰,514052818
志水宏彰,515282913
志村哲祥,514036678
施国梁,516197241
寺岡オート・ドアシステム株式会社,390001904
持田製薬株式会社,000181147
鹿島建設株式会社,000001373
篠崎要蔵,500497803
芝浦メカトロニクス株式会社,000002428
朱興峰,516170716
狩野治,594147361
酒井琢雄,515307548
住華科技股▲フン▼有限公司,512197788
住江織物株式会社,390014487
住友ゴム工業株式会社,000183233
住友ベークライト株式会社,000002141
住友化学株式会社,000002093
住友金属鉱山株式会社,000183303
住友建機株式会社,502246528
住友重機械工業株式会社,000002107
住友重機械搬送システム株式会社,503002732
住友精化株式会社,000195661
住友精密工業株式会社,000183369
住友大阪セメント株式会社,000183266
住友電気工業株式会社,000002130
住友電工システムソリューション株式会社,504126112
住友電工デバイス・イノベーション株式会社,000154325
住友電工ハードメタル株式会社,503212652
住友電工ファインポリマー株式会社,599109906
住友電装株式会社,000183406
住友理工株式会社,000219602
出光ユニテック株式会社,500163366
出光興産株式会社,000183646
春日良一,515267644
曙ブレーキ工業株式会社,000000516
小橋工業株式会社,390010836
小栗宏次,507054456
小山一志,515191073
小倉クラッチ株式会社,000185248
小田健太郎,515168097
小米科技有限責任公司,513170740
小米科技有限責任公司,513224180
小木曽敦子,513280337
小野薬品工業株式会社,000185983
彰彬工業股▲ふん▼有限公司,513032792
昭和産業株式会社,000187079
昭和電工パッケージング株式会社,501428187
昭和電工株式会社,000002004
昭和電線ケーブルシステム株式会社,306013120
松井弘明,513196175
松翰科技股▲ふん▼有限公司,502343182
松谷康之,515267703
松中泰徳,506378360
松本油脂製薬株式会社,000188951
焼津水産化学工業株式会社,390033145
鍾泰天,516213873
上海和輝光電有限公司,514016599
上海亞浦耳照明電器有限公司,514110277
上野剛志,515162660
城武昇一,507066884
常州強力先端電子材料有限公司,513127917
常州強力電子新材料股▲ふん▼有限公司,511216525
信越化学工業株式会社,000002060
信越半導体株式会社,000190149
新エネルギー産業株式会社,512217787
新コスモス電機株式会社,000190301
新井寧夫,515158548
新益先創科技股▲分▼有限公司,514044156
新潟環境開発株式会社,303018791
新光商事株式会社,515268917
新東エスプレシジョン株式会社,510281944
新東工業株式会社,000191009
新日鉄住金エンジニアリング株式会社,306022513
新日鉄住金マテリアルズ株式会社,306032316
新日鉄住金化学株式会社,000006644
新日鐵住金株式会社,000006655
森永乳業株式会社,000006127
森正樹,512307181
深▲せん▼市智▲タン▼有机農牧能源綜合利用有限公司,516272401
深▲せん▼市智行単軸双輪駆動技術有限公司,516272386
深▲せん▼市智優電池集成技術有限公司,513172043
深▲セン▼市華星光電技術有限公司,515204720
神島化学工業株式会社,390036722
秦野瓦斯株式会社,598135795
須山建設株式会社,000193184
水道機工株式会社,000193508
水野忠彦,593073207
菅野千恵,515269408
清水建設株式会社,000002299
清水光晴,515284571
生化学工業株式会社,000195524
西川コミュニケーションズ株式会社,399035098
西日本高速道路株式会社,505398963
西日本旅客鉄道株式会社,000196587
西部瓦斯株式会社,000196680
西部瓦斯株式会社,598155944
西澤美砂子,715004896
青山省司,512035918
青島海爾洗衣机有限公司,512128645
青島海爾滾筒洗衣机有限公司,514114622
静岡県,590002389
静岡県公立大学法人,507219686
石橋新一郎,591120295
石上佐知子,715008953
石川泰男,504323205
石瀧由利恵,515267998
積水アクアシステム株式会社,000002451
積水ホームテクノ株式会社,501362906
積水マテリアルソリューションズ株式会社,510087564
積水メディカル株式会社,390037327
積水化学工業株式会社,000002174
積水化成品工業株式会社,000002440
折戸隆,597090804
千住スプリンクラー株式会社,000199186
川口春男,505451420
川崎重工業株式会社,000000974
前田建設工業株式会社,000201478
前田製管株式会社,000201504
曾效参,516133423
蘇州旺山旺水生物医薬有限公司,516116415
倉敷紡績株式会社,000001096
相模屋食料株式会社,598036311
孫明,514121561
村田機械株式会社,000006297
多摩川精機株式会社,000203634
太田現一郎,516239910
太平電業株式会社,000204000
太平洋セメント株式会社,000000240
太陽油脂株式会社,591040144
太陽誘電株式会社,000204284
戴堅,514121572
泰金寶電通股▲フン▼有限公司,514175966
台達電子工業股▲ふん▼有限公司,510002442
台湾積體電路製造股▲ふん▼有限公司,500262038
台湾東電化股▲ふん▼有限公司,505259022
大王製紙株式会社,390029148
大肯精密株式会社,391000841
大阪瓦斯株式会社,000000284
大崎電気工業株式会社,000205661
大山昌彦,500176470
大成建設株式会社,000206211
大正製薬株式会社,000002819
大塚製薬株式会社,000206956
大唐移▲動▼通信▲設▼▲備▼有限公司,510065207
大同工業株式会社,000207425
大同特殊鋼株式会社,000003713
大日精化工業株式会社,000002820
大日本印刷株式会社,000002897
大日本塗料株式会社,000003322
大豊工業株式会社,000207791
大和ハウス工業株式会社,390037154
第一三共株式会社,307010166
第一実業株式会社,597024681
沢井製薬株式会社,000209049
地方独立行政法人神奈川県立病院機構,510126379
竹内伸夫,592133265
筑波重工株式会社,515266603
中央発條株式会社,000210986
中外製薬株式会社,000003311
中外炉工業株式会社,000211123
中国科学院上海薬物研究所,511076044
中国精螺株式会社,598079846
中国石油化工股▲ふん▼有限公司,503191287
中国石油化工股▲ふん▼有限公司北京化工研究院,510016575
中国電力株式会社,000211307
中村維男,512016216
中電プラント株式会社,596133119
中島崇之,715007451
中島利博,508005462
中投仙能科技（▲蘇▼州）有限公司,516181251
中本義範,510235936
兆雅股▲分▼有限公司,516277705
長興材料工業股▲ふん▼有限公司,500202322
長野計器株式会社,000150707
長野常俊,507181408
坪直喜,501326159
帝人ファーマ株式会社,503369495
帝人株式会社,000003001
帝國製薬株式会社,000215958
程乃士,513127962
鉄道情報システム株式会社,592048741
天津▲凱▼菜英制▲薬▼有限公司,516156293
田岡化学工業株式会社,000216243
田中貴金属工業株式会社,509352945
田中和彦,308041990
田島ルーフィング株式会社,000217365
田島応用化工株式会社,391011548
電信科学技術研究院,502012727
土田庄吾,596115894
島津幸子,514045810
島田旭緒,505347983
島野俊之介,399000063
東ソー有機化学株式会社,507119250
東レ・ダウコーニング株式会社,000110077
東レ株式会社,000003159
東海カーボン株式会社,000219576
東海工営株式会社,515266142
東海物産株式会社,598008433
東京インキ株式会社,000219912
東京エレクトロン株式会社,000219967
東京応化工業株式会社,000220239
東京計装株式会社,390026996
東京電力ホールディングス株式会社,000003687
東京濾器株式会社,000220804
東芝キヤリア株式会社,505461072
東芝ソリューション株式会社,301063496
東芝テック株式会社,000003562
東芝ホームテクノ株式会社,390010168
東芝メディカルシステムズ株式会社,594164542
東芝ライテック株式会社,000003757
東芝ライフスタイル株式会社,503376518
東芝三菱電機産業システム株式会社,501137636
東芝情報システム株式会社,391016358
東芝燃料電池システム株式会社,301060299
東豊工業株式会社,592165347
東邦テナックス株式会社,000003090
東北パイオニア株式会社,000221926
東友ファインケム株式会社,503454506
東洋アルミエコープロダクツ株式会社,000222141
東洋インキＳＣホールディングス株式会社,000222118
東洋ゴム工業株式会社,000003148
東洋スチレン株式会社,399051593
東洋自動機株式会社,000222727
東洋電機製造株式会社,000003115
東洋物産工業株式会社,390025667
東洋紡株式会社,000003160
東亞合成株式会社,000003034
藤森工業株式会社,000224101
藤田鈴香,514072399
同済大学,513059401
同方威視技術股▲フン▼有限公司,506388336
凸版印刷株式会社,000003193
内山工業株式会社,000225359
内野株式会社,399095232
南恵太,515264540
南部化成株式会社,000225740
日亜化学工業株式会社,000226057
日揮株式会社,000004411
日揮触媒化成株式会社,000190024
日機装株式会社,000226242
日建塗装工業株式会社,592243003
日産化学工業株式会社,000003986
日産興業株式会社,515266485
日産自動車株式会社,000003997
日信化学工業株式会社,000226666
日新製鋼株式会社,714003416
日新電機株式会社,000003942
日清エンジニアリング株式会社,000226954
日清オイリオグループ株式会社,000227009
日清フーズ株式会社,398012306
日清食品ホールディングス株式会社,000226976
日清紡ホールディングス株式会社,000004374
日精エー・エス・ビー機械株式会社,000227032
日精テクノロジー株式会社,514052472
日鍛バルブ株式会社,000227157
日置電機株式会社,000227180
日通システム株式会社,396026569
日東工業株式会社,000227401
日東電工株式会社,000003964
日本たばこ産業株式会社,000004569
日本アイ・ティ・エフ株式会社,591029699
日本ケミコン株式会社,000228578
日本ケミファ株式会社,000228590
日本コルモ株式会社,394020044
日本ゼオン株式会社,000229117
日本テキサス・インスツルメンツ株式会社,390020248
日本トムソン株式会社,000229335
日本パーカライジング株式会社,000229597
日本ピラー工業株式会社,000229737
日本フイルコン株式会社,000229818
日本ベース株式会社,591147557
日本ペイント・オートモーティブコーティングス株式会社,593135125
日本ポリエチレン株式会社,303060664
日本ポリプロ株式会社,596133485
日本メクトロン株式会社,000230249
日本メジフィジックス株式会社,000230250
日本モウルド工業株式会社,597047163
日本モルデン株式会社,515284560
日本圧着端子製造株式会社,390033318
日本下水道事業団,000230571
日本化学工業株式会社,000230593
日本化薬株式会社,000004086
日本碍子株式会社,000004064
日本光電工業株式会社,000230962
日本合成化学工業株式会社,000004101
日本写真印刷株式会社,000231361
日本酢ビ・ポバール株式会社,594146788
日本精機株式会社,000231512
日本精工株式会社,000004204
日本製紙株式会社,000183484
日本臓器製薬株式会社,000231796
日本電気株式会社,000004237
日本電気硝子株式会社,000232243
日本電気通信システム株式会社,000232254
日本電産エレシス株式会社,300052246
日本電産コパル株式会社,000001225
日本電産サンキョー株式会社,000002233
日本電産リード株式会社,392019709
日本電子材料株式会社,000232405
日本電信電話株式会社,000004226
日本特殊陶業株式会社,000004547
日本発條株式会社,000004640
日本板硝子株式会社,000004008
日本放送協会,000004352
日本無機株式会社,000232760
日油株式会社,000004341
日立ＧＥニュークリア・エナジー株式会社,507250427
日立アプライアンス株式会社,399048917
日立オートモティブシステムズ株式会社,509186579
日立オムロンターミナルソリューションズ株式会社,504373093
日立マクセル株式会社,000005810
日立化成デュポンマイクロシステムズ株式会社,398008295
日立化成株式会社,000004455
日立金属株式会社,000005083
日立建機株式会社,000005522
日立工機株式会社,000005094
日立造船株式会社,000005119
任天堂株式会社,000233778
寧徳時代新能源科技股▲分▼有限公司,513196256
能美防災株式会社,000233826
八橋装院株式会社,513297782
備前化成株式会社,391007356
備前発条株式会社,591283501
浜松ホトニクス株式会社,000236436
不二ラテックス株式会社,000236665
不二商事株式会社,594029333
不二精工株式会社,591032356
不二製油株式会社,315015162
富山化学工業株式会社,000003698
富士ゼロックス株式会社,000005496
富士フイルム株式会社,306037311
富士レビオ株式会社,306008724
富士化学株式会社,391003598
富士機械製造株式会社,000237271
富士重工業株式会社,000005348
富士通コンポーネント株式会社,501398606
富士通デバイス株式会社,311007039
富士通フロンテック株式会社,000237639
富士通株式会社,000005223
富士電機株式会社,000005234
富士電機機器制御株式会社,508296738
富士特殊紙業株式会社,000237787
扶桑薬品工業株式会社,000238201
福士岳歩,515267781
福助工業株式会社,390000387
福谷貴子,599023820
福谷泰雄,597150865
文化シヤッター株式会社,000239714
兵庫県,592216384
平松勝彦,598059826
並木精密宝石株式会社,000240477
保土谷化学工業株式会社,000005315
豊国工業株式会社,000241290
豊産マシナリー株式会社,592116062
豊田合成株式会社,000241463
北越紀州製紙株式会社,000241810
北京阿格蕾雅科技発展有限公司,515177893
北京韓美薬品有限公司,516082925
北京博雅和瑞科技有限公司,515174434
北川工業株式会社,000242231
堀富士夫,302055139
本庄恵,515081774
本田技研工業株式会社,000005326
本田憲治,507144805
味の素株式会社,000000066
未来工業株式会社,000243803
湊英次,594116219
湊晃一,515153163
名越安優未,515265798
明治飼糧株式会社,592172574
鳴瀬益幸,000244316
木構造システム株式会社,510037352
木島公一朗,715008975
木本一,597057243
野口木工株式会社,311009756
野沢有,502189904
矢口太一,515285006
矢崎エナジーシステム株式会社,501418498
矢崎総業株式会社,000006895
柳瀬愛,515282717
柳生豊美,514067384
有限会社ＩＴＤＮ―Ｔｏｋｙｏ,514045603
有限会社アクアテック,500255753
有限会社イトウプリント,514004851
有限会社スプリング,504000052
有限会社トップス,514060097
有限会社マイカープラザ,509160786
有限会社三宝金型製作所,395010635
有限会社生物資源研究所,505249090
有限会社大東土木,591079650
有限会社大平技研,508067839
有限会社藤▲崎▼鋲螺,515267633
有限会社溶和工業,598010089
柚山精一,506261693
理研ビタミン株式会社,390010674
理想科学工業株式会社,000250502
立川ブラインド工業株式会社,000250672
隆達電子股▲ふん▼有限公司,314014379
林全財,516213884
于志,512016364
廣田祐次,715008687
无錫華瑛微電子技術有限公司,516206071
櫻護謨株式会社,391001169
濱元真規子,515266049
齊藤恵美,515301524
